key;nl;fr;en;de;es;pl;pt;tr
quote;Offerte;Offre;Quotation;Angebot;Presupuesto;Oferta;Orçamento;Teklif
date;Datum;Date;Date;Datum;Fecha;Data;Data;Tarih
validUntil;Geldig tot;Valable jusqu'au;Valid until;Gültig bis;Válido hasta;Ważna do;Válido até;Geçerlilik tarihi
incoterm;Incoterm;Incoterm;Incoterm;Incoterm;Incoterm;Incoterm;Incoterm;Teslim şekli
customer;Klant;Client;Customer;Kunde;Cliente;Klient;Cliente;Müşteri
noCustomer;Geen klant gekoppeld;Aucun client lié;No customer linked;Kein Kunde verknüpft;Ningún cliente vinculado;Brak powiązanego klienta;Nenhum cliente associado;Bağlı müşteri yok
vat;BTW;TVA;VAT;MwSt.;IVA;VAT;IVA;KDV
vatNumber;BTW-nummer;N° de TVA;VAT number;USt-IdNr.;NIF-IVA;NIP;NIF;Vergi numarası
buyerVatNumber;BTW-nummer afnemer;N° de TVA de l'acheteur;Buyer VAT number;USt-IdNr. des Erwerbers;NIF-IVA del comprador;NIP nabywcy;NIF do adquirente;Alıcının vergi numarası
delivery;Levering;Livraison;Delivery;Lieferung;Entrega;Dostawa;Entrega;Teslimat
destination;Bestemming;Destination;Destination;Bestimmungsland;Destino;Miejsce przeznaczenia;Destino;Varış ülkesi
pallets;Pallets;Palettes;Pallets;Paletten;Palés;Palety;Paletes;Palet
cartons;Dozen;Cartons;Cartons;Kartons;Cajas;Kartony;Caixas;Koli
packingSlip;Pakbon;Bon de livraison;Delivery note;Lieferschein;Albarán;Dokument dostawy;Guia de remessa;Sevk irsaliyesi
deliveryAddress;Leveradres;Adresse de livraison;Delivery address;Lieferadresse;Dirección de entrega;Adres dostawy;Morada de entrega;Teslimat adresi
pieces;Stuks;Pièces;Pieces;Stück;Unidades;Sztuki;Unidades;Adet
looseCartons;Losse dozen;Cartons en vrac;Loose cartons;Lose Kartons;Cajas sueltas;Luźne kartony;Caixas soltas;Paletsiz koliler
notOnPallet;Niet op een pallet;Hors palette;Not on a pallet;Nicht auf einer Palette;Sin palé;Poza paletą;Fora da palete;Palete yerleştirilmemiş
contents;Inhoud;Contenu;Contents;Inhalt;Contenido;Zawartość;Conteúdo;İçerik
loadCheck;Controleer de fysieke lading met de aantallen hierboven.;Vérifiez le chargement physique à l'aide des quantités ci-dessus.;Check the physical load against the quantities above.;Prüfen Sie die physische Ladung anhand der oben angegebenen Mengen.;Compruebe la carga física con las cantidades indicadas arriba.;Sprawdź ładunek fizyczny z ilościami podanymi powyżej.;Confirme a carga física com as quantidades acima.;Fiziksel yükü yukarıdaki miktarlarla karşılaştırın.
loadedByDate;Geladen door / datum;Chargé par / date;Loaded by / date;Verladen von / Datum;Cargado por / fecha;Załadował(a) / data;Carregado por / data;Yükleyen / tarih
receivedByDate;Ontvangen door / datum;Reçu par / date;Received by / date;Empfangen von / Datum;Recibido por / fecha;Odebrał(a) / data;Recebido por / data;Teslim alan / tarih
height;hoog;de haut;high;hoch;de altura;wysokości;de altura;yüksekliğinde
volume;Volume;Volume;Volume;Volumen;Volumen;Objętość;Volume;Hacim
payment;Betaling;Paiement;Payment;Zahlung;Pago;Płatność;Pagamento;Ödeme
sku;SKU;Réf.;SKU;Art.-Nr.;Ref.;Nr kat.;Ref.;Ürün kodu
description;Omschrijving;Désignation;Description;Bezeichnung;Descripción;Opis;Descrição;Açıklama
quantity;Aantal;Quantité;Quantity;Menge;Cantidad;Ilość;Quantidade;Adet
unitPrice;Stukprijs;Prix unitaire;Unit price;Stückpreis;Precio unitario;Cena jednostkowa;Preço unitário;Birim fiyat
discount;Korting;Remise;Discount;Rabatt;Descuento;Rabat;Desconto;İndirim
total;Totaal;Total;Total;Gesamt;Total;Razem;Total;Toplam
subtotal;Subtotaal;Sous-total;Subtotal;Zwischensumme;Subtotal;Suma częściowa;Subtotal;Ara toplam
orderDiscount;Orderkorting;Remise sur commande;Order discount;Auftragsrabatt;Descuento por pedido;Rabat na zamówienie;Desconto na encomenda;Sipariş indirimi
extraDiscount;Extra korting;Remise supplémentaire;Additional discount;Zusatzrabatt;Descuento adicional;Rabat dodatkowy;Desconto adicional;Ek indirim
goodsValue;Goederenwaarde;Valeur des marchandises;Goods value;Warenwert;Valor de la mercancía;Wartość towaru;Valor da mercadoria;Mal bedeli
freight;Vracht;Transport;Freight;Fracht;Transporte;Transport;Transporte;Navlun
freightPerPallet;Vracht per pallet;Transport par palette;Freight per pallet;Fracht pro Palette;Transporte por palé;Transport za paletę;Transporte por palete;Palet başına navlun
freightPerCbm;Vracht per m³;Transport par m³;Freight per m³;Fracht pro m³;Transporte por m³;Transport za m³;Transporte por m³;m³ başına navlun
freightFixedAmount;Vast vrachtbedrag;Montant de transport fixe;Fixed freight amount;Fester Frachtbetrag;Importe fijo de transporte;Stała kwota transportu;Valor fixo de transporte;Sabit navlun tutarı
handling;Administratie;Frais de dossier;Handling;Bearbeitung;Gastos de gestión;Obsługa;Encargos administrativos;İşlem ücreti
totalInclVat;Totaal incl. BTW;Total TVA comprise;Total incl. VAT;Gesamt inkl. MwSt.;Total con IVA;Razem z VAT;Total com IVA;KDV dahil toplam
note;Opmerking;Remarque;Note;Anmerkung;Observación;Uwaga;Observação;Not
from;vanaf;à partir du;from;ab;a partir del;od;a partir de;itibaren
week;week;semaine;week;KW;semana;tydzień;semana;hafta
toBeAgreed;in overleg;à convenir;to be agreed;nach Absprache;a convenir;do uzgodnienia;a combinar;görüşülecek
freightToBeDetermined;wordt nog bepaald;à déterminer;to be determined;wird noch ermittelt;por determinar;do ustalenia;a determinar;belirlenecek
portalTitle;Online bekijken, tekenen of wijzigen;Consulter, signer ou modifier en ligne;View, sign or amend online;Online ansehen, unterzeichnen oder ändern;Consultar, firmar o modificar en línea;Podgląd, podpis lub zmiana online;Consultar, assinar ou alterar online;Çevrimiçi görüntüleyin, imzalayın veya değiştirin
portalText;Deze offerte staat ook online. Daar kan u ze aanvaarden en digitaal tekenen, of een wijziging voorstellen die wij dan nakijken.;Cette offre est également disponible en ligne. Vous pouvez l'accepter et la signer électroniquement, ou proposer une modification que nous examinerons.;This quotation is also available online. There you can accept and sign it digitally, or propose a change for us to review.;Dieses Angebot steht auch online zur Verfügung. Dort können Sie es annehmen und digital unterzeichnen oder eine Änderung vorschlagen, die wir prüfen.;Este presupuesto también está disponible en línea. Allí puede aceptarlo y firmarlo digitalmente, o proponer un cambio que revisaremos.;Ta oferta jest dostępna również online. Można ją tam zaakceptować i podpisać cyfrowo albo zaproponować zmianę, którą sprawdzimy.;Este orçamento está também disponível online. Aí pode aceitá-lo e assiná-lo digitalmente, ou propor uma alteração que iremos analisar.;Bu teklif çevrimiçi olarak da mevcuttur. Orada teklifi kabul edip dijital olarak imzalayabilir veya inceleyeceğimiz bir değişiklik önerebilirsiniz.
footer;"Alle prijzen in euro. Leverdata gelden vanaf bevestiging en onder voorbehoud van tussentijdse verkoop; artikelen zonder voorraad worden op bestelling geproduceerd.";"Tous les prix en euros. Les délais de livraison courent à partir de la confirmation et sous réserve de vente entre-temps; les articles non en stock sont produits sur commande.";"All prices in euro. Delivery dates apply from confirmation and are subject to prior sale; items not in stock are produced to order.";"Alle Preise in Euro. Liefertermine gelten ab Bestätigung und unter Vorbehalt des Zwischenverkaufs; nicht vorrätige Artikel werden auf Bestellung gefertigt.";"Todos los precios en euros. Los plazos de entrega rigen desde la confirmación y salvo venta previa; los artículos sin existencias se producen bajo pedido.";"Wszystkie ceny w euro. Terminy dostawy obowiązują od potwierdzenia i z zastrzeżeniem wcześniejszej sprzedaży; artykuły niedostępne w magazynie produkowane są na zamówienie.";"Todos os preços em euros. Os prazos de entrega contam a partir da confirmação e salvo venda entretanto; os artigos sem stock são produzidos por encomenda.";"Tüm fiyatlar euro cinsindendir. Teslim tarihleri onaydan itibaren geçerlidir ve ara satış hakkı saklıdır; stokta bulunmayan ürünler siparişe göre üretilir."
validUntilSentence;Deze offerte is geldig tot %s.;Cette offre est valable jusqu'au %s.;This quotation is valid until %s.;Dieses Angebot ist gültig bis %s.;Este presupuesto es válido hasta el %s.;Niniejsza oferta jest ważna do %s.;Este orçamento é válido até %s.;Bu teklif %s tarihine kadar geçerlidir.
termsSentence;Op al onze offertes zijn onze algemene voorwaarden van toepassing.;Toutes nos offres sont soumises à nos conditions générales.;All our quotations are subject to our general terms and conditions.;Für alle unsere Angebote gelten unsere Allgemeinen Geschäftsbedingungen.;Todos nuestros presupuestos están sujetos a nuestras condiciones generales.;Wszystkie nasze oferty podlegają naszym ogólnym warunkom handlowym.;Todos os nossos orçamentos estão sujeitos às nossas condições gerais.;Tüm tekliflerimiz genel şartlarımıza tabidir.
invoiceFooter;Alle bedragen zijn uitgedrukt in euro. Vermeld bij betaling steeds het factuurnummer.;Tous les montants sont exprimés en euros. Veuillez toujours mentionner le numéro de facture lors du paiement.;All amounts are stated in euro. Always quote the invoice number with your payment.;Alle Beträge sind in Euro angegeben. Bitte geben Sie bei der Zahlung immer die Rechnungsnummer an.;Todos los importes se expresan en euros. Indique siempre el número de factura al realizar el pago.;Wszystkie kwoty są podane w euro. Przy płatności należy zawsze podać numer faktury.;Todos os valores são expressos em euros. Indique sempre o número da fatura no pagamento.;Tüm tutarlar avro cinsindendir. Ödeme sırasında daima fatura numarasını belirtin.
invoiceTermsSentence;Op al onze facturen zijn onze algemene voorwaarden van toepassing.;Toutes nos factures sont soumises à nos conditions générales.;All our invoices are subject to our general terms and conditions.;Für alle unsere Rechnungen gelten unsere Allgemeinen Geschäftsbedingungen.;Todas nuestras facturas están sujetas a nuestras condiciones generales.;Wszystkie nasze faktury podlegają naszym ogólnym warunkom handlowym.;Todas as nossas faturas estão sujeitas às nossas condições gerais.;Tüm faturalarımız genel şartlarımıza tabidir.
mailSubject;Offerte %s van Enrosed;Offre %s d'Enrosed;Quotation %s from Enrosed;Angebot %s von Enrosed;Presupuesto %s de Enrosed;Oferta %s od Enrosed;Orçamento %s da Enrosed;Enrosed %s numaralı teklif
mailSubjectTermsAdded;Levertermijn ingevuld - offerte %s van Enrosed;Délai de livraison précisé - offre %s d'Enrosed;Delivery date confirmed - quotation %s from Enrosed;Liefertermin ergänzt - Angebot %s von Enrosed;Plazo de entrega confirmado - presupuesto %s de Enrosed;Termin dostawy ustalony - oferta %s od Enrosed;Prazo de entrega confirmado - orçamento %s da Enrosed;Teslim süresi belirlendi - Enrosed %s numaralı teklif
mailGreeting;Beste;Bonjour;Dear;Guten Tag;Estimado/a;Szanowni Państwo;Caro(a);Sayın yetkili
mailIntro;In bijlage vindt u onze offerte %s.;Vous trouverez en pièce jointe notre offre %s.;Please find our quotation %s attached.;Anbei finden Sie unser Angebot %s.;Adjunto encontrará nuestro presupuesto %s.;W załączeniu przesyłamy naszą ofertę %s.;Em anexo encontra o nosso orçamento %s.;Ekte %s numaralı teklifimizi bulabilirsiniz.
mailIntroUpdated;In bijlage vindt u de aangepaste offerte %s.;Vous trouverez en pièce jointe l'offre %s adaptée.;Please find the amended quotation %s attached.;Anbei finden Sie das angepasste Angebot %s.;Adjunto encontrará el presupuesto %s actualizado.;W załączeniu przesyłamy zaktualizowaną ofertę %s.;Em anexo encontra o orçamento %s atualizado.;Ekte güncellenmiş %s numaralı teklifi bulabilirsiniz.
mailTermsAddedTitle;Levertermijn ingevuld;Délai de livraison précisé;Delivery date confirmed;Liefertermin ergänzt;Plazo de entrega confirmado;Termin dostawy ustalony;Prazo de entrega confirmado;Teslim süresi belirlendi
mailTermsAddedText;U koos artikelen die niet op voorraad lagen. Wij hebben ze nagekeken en voor elk artikel een leverdatum of leverweek vastgelegd. Ze staan hieronder en op de bijgevoegde offerte, die u nu kan tekenen.;Vous aviez choisi des articles qui n'étaient pas en stock. Nous les avons vérifiés et fixé une date ou une semaine de livraison pour chacun. Vous les trouvez ci-dessous et sur l'offre jointe, que vous pouvez maintenant signer.;You selected items that were not in stock. We have checked them and set a delivery date or week for each one. You will find them below and on the attached quotation, which you can now sign.;Sie hatten Artikel gewählt, die nicht vorrätig waren. Wir haben sie geprüft und für jeden Artikel ein Lieferdatum oder eine Lieferwoche festgelegt. Sie finden diese unten und auf dem beigefügten Angebot, das Sie nun unterzeichnen können.;Eligió artículos que no estaban en stock. Los hemos revisado y fijado una fecha o semana de entrega para cada uno. Los encontrará a continuación y en el presupuesto adjunto, que ya puede firmar.;Wybrali Państwo artykuły niedostępne w magazynie. Sprawdziliśmy je i ustaliliśmy dla każdego datę lub tydzień dostawy. Znajdą je Państwo poniżej oraz w załączonej ofercie, którą można teraz podpisać.;Escolheu artigos que não estavam em stock. Verificámo-los e definimos uma data ou semana de entrega para cada um. Encontra-os abaixo e no orçamento em anexo, que já pode assinar.;"Stokta bulunmayan ürünler seçmiştiniz. Bunları inceledik ve her ürün için bir teslim tarihi veya haftası belirledik. Aşağıda ve ekteki teklifte yer alıyorlar; teklifi artık imzalayabilirsiniz."
mailDeliveryTitle;Levertermijn;Délai de livraison;Delivery;Liefertermin;Plazo de entrega;Termin dostawy;Prazo de entrega;Teslim süresi
mailDeliveryPerItem;Levertermijn per artikel;Délai de livraison par article;Delivery per item;Liefertermin je Artikel;Plazo de entrega por artículo;Termin dostawy dla każdego artykułu;Prazo de entrega por artigo;Ürün bazında teslim süresi
mailDeliveryPending;Voor de artikelen zonder termijn nemen wij contact op zodra we die kunnen bevestigen. U krijgt dan een aangepaste offerte in uw mailbox.;Pour les articles sans délai, nous vous recontactons dès que nous pouvons le confirmer. Vous recevrez alors une offre adaptée.;For the items without a date we will contact you as soon as we can confirm one. You will then receive an amended quotation.;Für die Artikel ohne Termin melden wir uns, sobald wir diesen bestätigen können. Sie erhalten dann ein angepasstes Angebot.;Para los artículos sin plazo le contactaremos en cuanto podamos confirmarlo. Recibirá entonces un presupuesto actualizado.;W sprawie artykułów bez terminu skontaktujemy się, gdy tylko będziemy mogli go potwierdzić. Otrzymają Państwo wtedy zaktualizowaną ofertę.;Para os artigos sem prazo entraremos em contacto assim que o possamos confirmar. Receberá então um orçamento atualizado.;Teslim süresi belirlenmemiş ürünler için, süreyi teyit edebildiğimiz anda sizinle iletişime geçeceğiz. Ardından güncellenmiş bir teklif alacaksınız.
mailFreightPending;De vrachtkosten worden nog bepaald. Zodra ze vastliggen sturen wij u een aangepaste offerte.;Les frais de transport restent à déterminer. Dès qu'ils seront fixés, nous vous enverrons une offre adaptée.;Freight charges are still to be determined. As soon as they are settled we will send you an amended quotation.;Die Frachtkosten werden noch ermittelt. Sobald sie feststehen, senden wir Ihnen ein angepasstes Angebot.;Los gastos de transporte están por determinar. En cuanto se fijen le enviaremos un presupuesto actualizado.;Koszty transportu są jeszcze do ustalenia. Gdy tylko zostaną ustalone, prześlemy Państwu zaktualizowaną ofertę.;Os custos de transporte estão ainda por determinar. Assim que estiverem definidos enviaremos um orçamento atualizado.;Navlun bedeli henüz belirlenmedi. Netleştiği anda size güncellenmiş bir teklif göndereceğiz.
mailButton;Offerte digitaal tekenen;Signer l'offre numériquement;Sign the quotation digitally;Angebot digital unterzeichnen;Firmar el presupuesto digitalmente;Podpisz ofertę cyfrowo;Assinar o orçamento digitalmente;Teklifi dijital olarak imzalayın
mailClosing;Met vriendelijke groeten;Cordialement;Kind regards;Mit freundlichen Grüßen;Un cordial saludo;Z poważaniem;Com os melhores cumprimentos;Saygılarımızla
portalYourQuote;Uw offerte;Votre offre;Your quotation;Ihr Angebot;Su presupuesto;Państwa oferta;O seu orçamento;Teklifiniz
portalStatusOpen;Ter beoordeling;En attente;Awaiting your response;Zur Prüfung;Pendiente de respuesta;Oczekuje na odpowiedź;A aguardar resposta;Yanıtınız bekleniyor
portalStatusAccepted;Aanvaard;Acceptée;Accepted;Angenommen;Aceptado;Zaakceptowana;Aceite;Kabul edildi
portalStatusRejected;Afgewezen;Refusée;Declined;Abgelehnt;Rechazado;Odrzucona;Recusado;Reddedildi
portalStatusRevision;Wijziging in behandeling;Modification en cours;Change under review;Änderung in Bearbeitung;Cambio en revisión;Zmiana w trakcie rozpatrywania;Alteração em análise;Değişiklik inceleniyor
portalAccept;Aanvaarden en tekenen;Accepter et signer;Accept and sign;Annehmen und unterzeichnen;Aceptar y firmar;Akceptuj i podpisz;Aceitar e assinar;Kabul et ve imzala
portalPropose;Wijziging voorstellen;Proposer une modification;Propose a change;Änderung vorschlagen;Proponer un cambio;Zaproponuj zmianę;Propor uma alteração;Değişiklik öner
portalReject;Afwijzen;Refuser;Decline;Ablehnen;Rechazar;Odrzuć;Recusar;Reddet
portalDownload;PDF downloaden;Télécharger le PDF;Download PDF;PDF herunterladen;Descargar PDF;Pobierz PDF;Descarregar PDF;PDF indir
portalDeliverableFrom;Leverbaar vanaf;Livrable à partir du;Available from;Lieferbar ab;Disponible a partir del;Dostępne od;Disponível a partir de;Şu tarihten itibaren teslim edilebilir
portalDeliveryInWeek;Levering in;Livraison en;Delivery in;Lieferung in;Entrega en;Dostawa w;Entrega na;Teslimat
portalTermToBeDetermined;Levertermijn nog te bepalen;Délai de livraison à déterminer;Delivery date to be determined;Liefertermin noch offen;Plazo de entrega por determinar;Termin dostawy do ustalenia;Prazo de entrega a determinar;Teslim süresi belirlenecek
portalPerPiece;per stuk;par pièce;per piece;pro Stück;por unidad;za sztukę;por unidade;adet başına
portalPieces;stuks;pièces;pieces;Stück;unidades;szt.;unidades;adet
portalTermsAddedTitle;Levertermijn toegevoegd;Délai de livraison ajouté;Delivery date added;Liefertermin ergänzt;Plazo de entrega añadido;Termin dostawy dodany;Prazo de entrega adicionado;Teslim süresi eklendi
portalTermsAddedText;"Wij hebben voor alle artikelen een leverdatum of leverweek ingevuld. U vindt ze hieronder per regel terug; daarna kan u tekenen.";"Nous avons fixé une date ou une semaine de livraison pour chaque article. Vous les trouvez ci-dessous par ligne; vous pouvez ensuite signer.";"We have set a delivery date or week for every item. You will find them per line below; after that you can sign.";"Wir haben für jeden Artikel ein Lieferdatum oder eine Lieferwoche festgelegt. Sie finden diese unten je Position; danach können Sie unterzeichnen.";"Hemos fijado una fecha o semana de entrega para cada artículo. Los encontrará por línea a continuación; después puede firmar.";"Ustaliliśmy datę lub tydzień dostawy dla każdego artykułu. Znajdą je Państwo poniżej przy każdej pozycji; następnie można podpisać.";"Definimos uma data ou semana de entrega para cada artigo. Encontra-os abaixo por linha; depois pode assinar.";"Her ürün için bir teslim tarihi veya haftası belirledik. Aşağıda satır satır görebilirsiniz; ardından imzalayabilirsiniz."
portalTermsPendingTitle;Eén of meer artikelen liggen niet op voorraad;Un ou plusieurs articles ne sont pas en stock;One or more items are not in stock;Ein oder mehrere Artikel sind nicht vorrätig;Uno o más artículos no están en stock;Jeden lub więcej artykułów nie jest dostępnych w magazynie;Um ou mais artigos não estão em stock;Bir veya daha fazla ürün stokta yok
portalTermsPendingText;"Wij bekijken wanneer wij die kunnen leveren en sturen u deze offerte opnieuw met de levertermijn erbij. U hoeft nu niets te doen; u mag uiteraard al tekenen of een wijziging voorstellen.";"Nous vérifions quand nous pouvons les livrer et vous renvoyons cette offre avec le délai. Vous n'avez rien à faire pour l'instant; vous pouvez bien sûr déjà signer ou proposer une modification.";"We are checking when we can deliver them and will send you this quotation again with the delivery date. You do not need to do anything now; you may of course already sign or propose a change.";"Wir prüfen, wann wir liefern können, und senden Ihnen dieses Angebot erneut mit dem Liefertermin. Sie müssen jetzt nichts tun; Sie können selbstverständlich bereits unterzeichnen oder eine Änderung vorschlagen.";"Estamos comprobando cuándo podemos entregarlos y le enviaremos este presupuesto de nuevo con el plazo de entrega. No tiene que hacer nada por ahora; por supuesto puede firmar ya o proponer un cambio.";"Sprawdzamy, kiedy możemy je dostarczyć, i prześlemy tę ofertę ponownie wraz z terminem dostawy. Na razie nie trzeba nic robić; oczywiście można już podpisać lub zaproponować zmianę.";"Estamos a verificar quando os podemos entregar e enviaremos este orçamento novamente com o prazo de entrega. Não precisa de fazer nada por agora; pode naturalmente assinar já ou propor uma alteração.";"Bunları ne zaman teslim edebileceğimizi inceliyoruz ve bu teklifi teslim süresiyle birlikte size yeniden göndereceğiz. Şimdilik bir şey yapmanıza gerek yok; dilerseniz şimdiden imzalayabilir veya değişiklik önerebilirsiniz."
portalFreightPendingTitle;Vrachtkosten worden nog bepaald;Frais de transport à déterminer;Freight charges still to be determined;Frachtkosten werden noch ermittelt;Gastos de transporte por determinar;Koszty transportu do ustalenia;Custos de transporte a determinar;Navlun bedeli henüz belirlenmedi
portalFreightPendingText;Het bedrag hieronder is nog zonder vracht. Zodra wij de vrachtkosten kennen sturen wij u een aangepaste offerte.;Le montant ci-dessous est encore hors transport. Dès que nous connaissons les frais, nous vous envoyons une offre adaptée.;The amount below is still excluding freight. As soon as we know the charges we will send you an amended quotation.;Der Betrag unten versteht sich noch ohne Fracht. Sobald wir die Kosten kennen, senden wir Ihnen ein angepasstes Angebot.;El importe siguiente aún no incluye el transporte. En cuanto conozcamos los gastos le enviaremos un presupuesto actualizado.;Poniższa kwota nie zawiera jeszcze transportu. Gdy poznamy koszty, prześlemy Państwu zaktualizowaną ofertę.;O valor abaixo ainda não inclui transporte. Assim que soubermos os custos enviaremos um orçamento atualizado.;Aşağıdaki tutara navlun dahil değildir. Bedeli öğrendiğimiz anda size güncellenmiş bir teklif göndereceğiz.
portalAddItem;Artikel bijbestellen;Ajouter un article;Add an item;Artikel hinzufügen;Añadir un artículo;Dodaj artykuł;Adicionar um artigo;Ürün ekle
portalSearch;Zoek in ons assortiment…;Rechercher dans notre gamme…;Search our range…;In unserem Sortiment suchen…;Buscar en nuestra gama…;Szukaj w naszym asortymencie…;Pesquisar na nossa gama…;Ürün gamımızda arayın…
portalYourName;Uw naam;Votre nom;Your name;Ihr Name;Su nombre;Imię i nazwisko;O seu nome;Adınız
portalComment;Toelichting;Commentaire;Comment;Anmerkung;Comentario;Uwagi;Comentário;Açıklama
portalCancel;Annuleren;Annuler;Cancel;Abbrechen;Cancelar;Anuluj;Cancelar;İptal
portalSend;Voorstel versturen;Envoyer la proposition;Send proposal;Vorschlag senden;Enviar la propuesta;Wyślij propozycję;Enviar a proposta;Öneriyi gönder
portalAdd;Toevoegen;Ajouter;Add;Hinzufügen;Añadir;Dodaj;Adicionar;Ekle
portalInStock;op voorraad;en stock;in stock;auf Lager;en stock;w magazynie;em stock;stokta
portalOutOfStock;op bestelling;sur commande;made to order;auf Bestellung;bajo pedido;na zamówienie;por encomenda;siparişe göre
portalPerBox;per doos;par carton;per carton;pro Karton;por caja;w kartonie;por caixa;koli başına
portalRoundingNotice;Wordt zo;Sera arrondi à;Will be rounded to;Wird aufgerundet auf;Se redondeará a;Zostanie zaokrąglone do;Será arredondado para;Şu değere yuvarlanacak:
catalogCarton;omdoos;carton maître;master carton;Umkarton;caja máster;karton zbiorczy;caixa master;ana koli
productDimensions;Productafmeting;Dimensions du produit;Product dimensions;Produktmaße;Dimensiones del producto;Wymiary produktu;Dimensões do produto;Ürün ölçüleri
giftPackaging;Geschenkverpakking;Emballage cadeau;Gift packaging;Geschenkverpackung;Embalaje de regalo;Opakowanie prezentowe;Embalagem de presente;Hediye ambalajı
displayPackaging;Display;Présentoir;Display;Display;Expositor;Ekspozytor;Expositor;Stand
catalogTitle;Productcatalogus;Catalogue de produits;Product catalogue;Produktkatalog;Catálogo de productos;Katalog produktów;Catálogo de produtos;Ürün kataloğu
catalogItems;artikel(en);article(s);item(s);Artikel;artículo(s);artykuł(y);artigo(s);ürün
catalogFooter;"Prijzen per stuk in euro, exclusief BTW en vracht, onder voorbehoud van wijziging. Artikelen zonder voorraad worden op bestelling geproduceerd; de levertermijn spreken we samen af.";"Prix unitaires en euros, hors TVA et transport, sous réserve de modification. Les articles non en stock sont produits sur commande; le délai de livraison est convenu ensemble.";"Prices per piece in euro, excluding VAT and freight, subject to change. Items not in stock are produced to order; the delivery time is agreed together.";"Stückpreise in Euro, zuzüglich MwSt. und Fracht, Änderungen vorbehalten. Nicht vorrätige Artikel werden auf Bestellung gefertigt; den Liefertermin stimmen wir gemeinsam ab.";"Precios por unidad en euros, sin IVA ni transporte, sujetos a cambios. Los artículos sin stock se producen bajo pedido; el plazo de entrega se acuerda conjuntamente.";"Ceny za sztukę w euro, bez VAT i transportu, mogą ulec zmianie. Artykuły niedostępne w magazynie produkowane są na zamówienie; termin dostawy ustalamy wspólnie.";"Preços por unidade em euros, sem IVA nem transporte, sujeitos a alteração. Os artigos sem stock são produzidos por encomenda; o prazo de entrega é combinado em conjunto.";"Birim fiyatlar euro cinsinden olup KDV ve navlun hariçtir; değişiklik hakkı saklıdır. Stokta olmayan ürünler siparişe göre üretilir; teslim süresi birlikte kararlaştırılır."
portalTerms;Algemene voorwaarden;Conditions générales;Terms and conditions;Allgemeine Geschäftsbedingungen;Condiciones generales;Ogólne warunki;Condições gerais;Genel şartlar
portalProposalPending;Uw wijzigingsvoorstel ligt bij ons;Votre proposition est chez nous;Your proposed change is with us;Ihr Änderungsvorschlag liegt bei uns;Su propuesta está con nosotros;Państwa propozycja jest u nas;A sua proposta está connosco;Öneriniz bizde
portalProposalPendingText;Wij kijken uw voorstel na en sturen u een aangepaste offerte terug. U kan uw voorstel intrekken zolang wij het niet behandeld hebben.;Nous examinons votre proposition et vous renvoyons une offre adaptée. Vous pouvez retirer votre proposition tant que nous ne l'avons pas traitée.;We are reviewing your proposal and will send back an amended quotation. You can withdraw your proposal as long as we have not handled it.;Wir prüfen Ihren Vorschlag und senden Ihnen ein angepasstes Angebot zurück. Sie können Ihren Vorschlag zurückziehen, solange wir ihn nicht bearbeitet haben.;Estamos revisando su propuesta y le devolveremos un presupuesto actualizado. Puede retirar su propuesta mientras no la hayamos tramitado.;Sprawdzamy Państwa propozycję i odeślemy zaktualizowaną ofertę. Propozycję można wycofać, dopóki jej nie rozpatrzymy.;Estamos a analisar a sua proposta e devolveremos um orçamento atualizado. Pode retirar a sua proposta enquanto não a tivermos tratado.;Önerinizi inceliyoruz ve size güncellenmiş bir teklif göndereceğiz. Biz işleme almadığımız sürece önerinizi geri çekebilirsiniz.
portalWithdraw;Voorstel intrekken;Retirer la proposition;Withdraw proposal;Vorschlag zurückziehen;Retirar la propuesta;Wycofaj propozycję;Retirar a proposta;Öneriyi geri çek
portalWithdrawn;Uw voorstel is ingetrokken. U kan de offerte weer tekenen of een nieuw voorstel doen.;Votre proposition a été retirée. Vous pouvez à nouveau signer l'offre ou faire une nouvelle proposition.;Your proposal has been withdrawn. You can sign the quotation again or make a new proposal.;Ihr Vorschlag wurde zurückgezogen. Sie können das Angebot wieder unterzeichnen oder einen neuen Vorschlag machen.;Su propuesta ha sido retirada. Puede volver a firmar el presupuesto o hacer una nueva propuesta.;Państwa propozycja została wycofana. Można ponownie podpisać ofertę lub złożyć nową propozycję.;A sua proposta foi retirada. Pode assinar novamente o orçamento ou fazer uma nova proposta.;Öneriniz geri çekildi. Teklifi tekrar imzalayabilir veya yeni bir öneri yapabilirsiniz.
portalNotFound;Offerte niet gevonden;Offre introuvable;Quotation not found;Angebot nicht gefunden;Presupuesto no encontrado;Nie znaleziono oferty;Orçamento não encontrado;Teklif bulunamadı
portalNotFoundText;Deze link is niet meer geldig. Neem gerust contact op, dan sturen we een nieuwe.;Ce lien n'est plus valable. N'hésitez pas à nous contacter, nous vous en enverrons un nouveau.;This link is no longer valid. Do get in touch and we will send you a new one.;Dieser Link ist nicht mehr gültig. Melden Sie sich gerne, dann senden wir Ihnen einen neuen.;Este enlace ya no es válido. Póngase en contacto con nosotros y le enviaremos uno nuevo.;Ten link nie jest już aktywny. Prosimy o kontakt, prześlemy nowy.;Esta ligação já não é válida. Contacte-nos e enviaremos uma nova.;Bu bağlantı artık geçerli değil. Bizimle iletişime geçin, size yenisini gönderelim.
portalFor;voor;pour;for;für;para;dla;para;için
portalValidUntil;geldig tot;valable jusqu'au;valid until;gültig bis;válido hasta;ważna do;válido até;geçerlilik tarihi
portalBoxes;dozen;cartons;cartons;Kartons;cajas;kartony;caixas;koli
portalPalletsShort;pallet(s);palette(s);pallet(s);Palette(n);palé(s);paleta(y);palete(s);palet
portalDiscount;korting;remise;discount;Rabatt;descuento;rabat;desconto;indirim
portalSignedBy;Getekend door;Signé par;Signed by;Unterzeichnet von;Firmado por;Podpisano przez;Assinado por;İmzalayan
portalSignedText;Wij nemen contact op voor de bevestiging.;Nous vous contactons pour la confirmation.;We will be in touch to confirm.;Wir melden uns zur Bestätigung.;Nos pondremos en contacto para la confirmación.;Skontaktujemy się w celu potwierdzenia.;Entraremos em contacto para a confirmação.;Onay için sizinle iletişime geçeceğiz.
portalProposalSent;Uw wijzigingsvoorstel is doorgestuurd.;Votre proposition de modification a été transmise.;Your proposed change has been sent.;Ihr Änderungsvorschlag wurde übermittelt.;Su propuesta de cambio ha sido enviada.;Państwa propozycja zmiany została przesłana.;A sua proposta de alteração foi enviada.;Değişiklik öneriniz iletildi.
portalProposalApproved;Uw wijziging is verwerkt.;Votre modification a été prise en compte.;Your change has been applied.;Ihre Änderung wurde übernommen.;Su cambio ha sido aplicado.;Państwa zmiana została wprowadzona.;A sua alteração foi aplicada.;Değişikliğiniz uygulandı.
portalProposalRejected;Uw voorstel is niet overgenomen.;Votre proposition n'a pas été retenue.;Your proposal was not adopted.;Ihr Vorschlag wurde nicht übernommen.;Su propuesta no ha sido aceptada.;Państwa propozycja nie została przyjęta.;A sua proposta não foi aceite.;Öneriniz kabul edilmedi.
portalWhatNext;Wat wil u doen?;Que souhaitez-vous faire ?;What would you like to do?;Was möchten Sie tun?;¿Qué desea hacer?;Co chcą Państwo zrobić?;O que pretende fazer?;Ne yapmak istersiniz?
portalRejectQuote;Offerte afwijzen;Refuser l'offre;Decline quotation;Angebot ablehnen;Rechazar el presupuesto;Odrzuć ofertę;Recusar o orçamento;Teklifi reddet
portalPdf;Offerte als PDF;Offre en PDF;Quotation as PDF;Angebot als PDF;Presupuesto en PDF;Oferta w PDF;Orçamento em PDF;PDF olarak teklif
portalLoading;Laden…;Chargement…;Loading…;Wird geladen…;Cargando…;Wczytywanie…;A carregar…;Yükleniyor…
portalSignTitle;Aanvaarden en tekenen;Accepter et signer;Accept and sign;Annehmen und unterzeichnen;Aceptar y firmar;Akceptuj i podpisz;Aceitar e assinar;Kabul et ve imzala
portalSignText;Door uw naam in te vullen aanvaardt u deze offerte. Dat geldt als uw digitale handtekening.;En indiquant votre nom, vous acceptez cette offre. Cela vaut signature électronique.;By entering your name you accept this quotation. That counts as your digital signature.;Mit der Eingabe Ihres Namens nehmen Sie dieses Angebot an. Das gilt als Ihre digitale Unterschrift.;Al indicar su nombre acepta este presupuesto. Esto vale como su firma digital.;Wpisując swoje imię i nazwisko, akceptują Państwo tę ofertę. Jest to równoznaczne z podpisem cyfrowym.;Ao indicar o seu nome aceita este orçamento. Isso vale como a sua assinatura digital.;Adınızı girerek bu teklifi kabul etmiş olursunuz. Bu, dijital imzanız yerine geçer.
portalSignButton;Tekenen;Signer;Sign;Unterzeichnen;Firmar;Podpisz;Assinar;İmzala
portalNoteOptional;Opmerking (optioneel);Remarque (facultatif);Note (optional);Anmerkung (optional);Observación (opcional);Uwaga (opcjonalnie);Observação (opcional);Not (isteğe bağlı)
portalProposeText;Pas de aantallen aan die u wil wijzigen. Wij kijken uw voorstel na en sturen een aangepaste offerte terug. Zet een aantal op 0 om een regel te laten vervallen.;Adaptez les quantités que vous souhaitez modifier. Nous examinons votre proposition et vous renvoyons une offre adaptée. Mettez une quantité à 0 pour supprimer une ligne.;Adjust the quantities you would like to change. We review your proposal and send back an amended quotation. Set a quantity to 0 to drop a line.;Passen Sie die Mengen an, die Sie ändern möchten. Wir prüfen Ihren Vorschlag und senden Ihnen ein angepasstes Angebot zurück. Setzen Sie eine Menge auf 0, um eine Position zu streichen.;Ajuste las cantidades que desee cambiar. Revisamos su propuesta y le devolvemos un presupuesto actualizado. Ponga una cantidad a 0 para eliminar una línea.;Prosimy dostosować ilości, które chcą Państwo zmienić. Sprawdzimy propozycję i odeślemy zaktualizowaną ofertę. Ustawienie ilości na 0 usuwa pozycję.;Ajuste as quantidades que pretende alterar. Analisamos a sua proposta e devolvemos um orçamento atualizado. Coloque uma quantidade a 0 para eliminar uma linha.;Değiştirmek istediğiniz adetleri düzenleyin. Önerinizi inceleyip güncellenmiş bir teklif göndeririz. Bir satırı kaldırmak için adedi 0 yapın.
portalOnYourQuote;Op uw offerte;Sur votre offre;On your quotation;Auf Ihrem Angebot;En su presupuesto;W Państwa ofercie;No seu orçamento;Teklifinizde
portalAddSection;Iets bijbestellen;Ajouter des articles;Add items;Artikel hinzufügen;Añadir artículos;Dodaj artykuły;Adicionar artigos;Ürün ekle
portalOutOfStockWarning;"U koos een artikel dat niet op voorraad ligt. Wij moeten dat eerst aanvaarden en laten u de levertermijn weten; daarna krijgt u een aangepaste offerte om te tekenen.";"Vous avez choisi un article qui n'est pas en stock. Nous devons d'abord l'accepter et vous communiquerons le délai de livraison; vous recevrez ensuite une offre adaptée à signer.";"You selected an item that is not in stock. We need to accept that first and will let you know the delivery date; you will then receive an amended quotation to sign.";"Sie haben einen Artikel gewählt, der nicht vorrätig ist. Wir müssen das zuerst annehmen und teilen Ihnen den Liefertermin mit; danach erhalten Sie ein angepasstes Angebot zur Unterzeichnung.";"Ha elegido un artículo que no está en stock. Primero tenemos que aceptarlo y le comunicaremos el plazo de entrega; después recibirá un presupuesto actualizado para firmar.";"Wybrali Państwo artykuł niedostępny w magazynie. Musimy to najpierw zaakceptować i podamy termin dostawy; następnie otrzymają Państwo zaktualizowaną ofertę do podpisu.";"Escolheu um artigo que não está em stock. Temos primeiro de o aceitar e comunicaremos o prazo de entrega; depois receberá um orçamento atualizado para assinar.";"Stokta bulunmayan bir ürün seçtiniz. Önce bunu kabul etmemiz gerekiyor ve teslim süresini size bildireceğiz; ardından imzalamanız için güncellenmiş bir teklif alacaksınız."
portalReasonOptional;Reden (optioneel);Motif (facultatif);Reason (optional);Grund (optional);Motivo (opcional);Powód (opcjonalnie);Motivo (opcional);Gerekçe (isteğe bağlı)
portalOptional;optioneel;facultatif;optional;optional;opcional;opcjonalnie;opcional;isteğe bağlı
portalFooter;Vragen? Antwoord gerust op de mail met deze offerte.;Des questions ? Répondez simplement au courriel accompagnant cette offre.;Questions? Simply reply to the email that came with this quotation.;Fragen? Antworten Sie einfach auf die E-Mail mit diesem Angebot.;¿Preguntas? Responda sin más al correo que acompaña este presupuesto.;Pytania? Wystarczy odpowiedzieć na wiadomość e-mail z tą ofertą.;Questões? Basta responder ao e-mail que acompanha este orçamento.;Sorularınız mı var? Bu teklifin geldiği e-postayı yanıtlamanız yeterli.
invoice;Factuur;Facture;Invoice;Rechnung;Factura;Faktura;Fatura;Fatura
dueDate;Vervaldatum;Échéance;Due date;Fälligkeit;Vencimiento;Termin płatności;Vencimento;Vade tarihi
paymentTitle;Betaling;Paiement;Payment;Zahlung;Pago;Płatność;Pagamento;Ödeme
paymentInstruction;Gelieve %s te betalen vóór %s op rekening %s met vermelding van %s.;Veuillez régler %s avant le %s sur le compte %s en mentionnant %s.;Please transfer %s before %s to account %s stating reference %s.;Bitte überweisen Sie %s vor dem %s auf das Konto %s unter Angabe von %s.;Le rogamos abonar %s antes del %s en la cuenta %s indicando %s.;Prosimy o wpłatę %s przed %s na konto %s z dopiskiem %s.;Queira pagar %s antes de %s para a conta %s indicando %s.;Lütfen %s tutarını %s tarihinden önce %s hesabına %s referansıyla ödeyiniz.
reference;Mededeling;Communication;Reference;Verwendungszweck;Concepto;Tytuł przelewu;Referência;Açıklama
toPay;Te betalen;À payer;Amount due;Zu zahlen;A pagar;Do zapłaty;A pagar;Ödenecek tutar
page;Pagina;Page;Page;Seite;Página;Strona;Página;Sayfa
mailSubjectInvoice;Factuur %s van Enrosed;Facture %s d'Enrosed;Invoice %s from Enrosed;Rechnung %s von Enrosed;Factura %s de Enrosed;Faktura %s od Enrosed;Fatura %s da Enrosed;Enrosed %s numaralı fatura
mailIntroInvoice;In bijlage vindt u factuur %s. De betaalgegevens staan op het document.;Veuillez trouver en annexe la facture %s. Les données de paiement figurent sur le document.;Please find invoice %s attached. The payment details are on the document.;Im Anhang finden Sie die Rechnung %s. Die Zahlungsdaten stehen auf dem Dokument.;Adjuntamos la factura %s. Los datos de pago figuran en el documento.;W załączniku znajdą Państwo fakturę %s. Dane do płatności znajdują się na dokumencie.;Em anexo encontra a fatura %s. Os dados de pagamento constam do documento.;Ekte %s numaralı faturayı bulabilirsiniz. Ödeme bilgileri belgede yer almaktadır.
peppolNotice;GEEN GELDIGE FACTUUR — de wettelijke factuur wordt elektronisch via Peppol bezorgd (enrosed.odoo.com). Dit document is enkel ter informatie.;FACTURE NON VALABLE — la facture légale est transmise électroniquement via Peppol (enrosed.odoo.com). Ce document est fourni à titre informatif.;NOT A VALID INVOICE — the legal invoice is delivered electronically via Peppol (enrosed.odoo.com). This document is for information only.;KEINE GÜLTIGE RECHNUNG — die gesetzliche Rechnung wird elektronisch über Peppol zugestellt (enrosed.odoo.com). Dieses Dokument dient nur zur Information.;FACTURA NO VÁLIDA — la factura legal se entrega electrónicamente vía Peppol (enrosed.odoo.com). Este documento es solo informativo.;FAKTURA NIEWAŻNA — faktura ustawowa jest dostarczana elektronicznie przez Peppol (enrosed.odoo.com). Ten dokument ma charakter informacyjny.;FATURA NÃO VÁLIDA — a fatura legal é entregue eletronicamente via Peppol (enrosed.odoo.com). Este documento é apenas informativo.;GEÇERLİ FATURA DEĞİLDİR — yasal fatura Peppol üzerinden elektronik olarak iletilir (enrosed.odoo.com). Bu belge yalnızca bilgilendirme amaçlıdır.
termsTitle;Algemene voorwaarden;Conditions générales;General terms and conditions;Allgemeine Geschäftsbedingungen;Condiciones generales;Ogólne warunki;Condições gerais;Genel koşullar
pickup;Afhalen in het magazijn;Enlèvement à l'entrepôt;Collection at the warehouse;Abholung im Lager;Recogida en el almacén;Odbiór z magazynu;Levantamento no armazém;Depodan teslim alma
