scope;key;label;required;nl;fr;en;de;es;pl;pt;tr;el
CATALOG;catalog.brand.wholesale;Wholesale label;true;GROOTHANDEL;VENTE EN GROS;WHOLESALE;GROSSHANDEL;VENTA AL POR MAYOR;HURT;GROSSISTA;TOPTAN;ΧΟΝΔΡΙΚΗ
CATALOG;catalog.common.imageunavailable;Image unavailable;true;Afbeelding niet beschikbaar;Image indisponible;Product image unavailable;Produktbild nicht verfügbar;Imagen de producto no disponible;Zdjęcie produktu niedostępne;Imagem do produto indisponível;Ürün görseli mevcut değil;Δεν υπάρχει διαθέσιμη εικόνα προϊόντος
CATALOG;catalog.common.product;Product label;true;Product;Produit;Product;Produkt;Producto;Produkt;Produto;Ürün;Προϊόν
CATALOG;catalog.common.carton;Carton label;true;Omdoos;Carton;Carton;Umkarton;Caja;Karton;Caixa;Koli;Κιβώτιο
CATALOG;catalog.common.pack;Pack label;true;Verpakking;Conditionnement;Pack;Packung;Embalaje;Opakowanie;Embalagem;Paket;Συσκευασία
CATALOG;catalog.common.pieces;Pieces abbreviation;true;st.;pcs;pcs;Stk.;uds.;szt.;un.;adet;τεμ.
CATALOG;catalog.common.collection;Collection fallback;true;Collectie;Collection;Collection;Kollektion;Colección;Kolekcja;Coleção;Koleksiyon;Συλλογή
CATALOG;catalog.common.outercarton;Outer carton;true;Omdoos;Carton extérieur;Outer carton;Umkarton;Caja exterior;Karton zbiorczy;Caixa exterior;Dış koli;Εξωτερικό κιβώτιο
CATALOG;catalog.common.colorsize;Colour and size;true;Kleur / maat;Couleur / taille;Colour / size;Farbe / Größe;Color / tamaño;Kolor / rozmiar;Cor / tamanho;Renk / boyut;Χρώμα / μέγεθος
CATALOG;catalog.common.productdimensions;Product dimensions;true;Product B × D × H;Produit B × D × H;Product B × D × H;Produkt B × D × H;Producto B × D × H;Produkt B × D × H;Produto B × D × H;Ürün B × D × H;Προϊόν Π × Β × Υ
CATALOG;catalog.common.outercartonpack;Outer carton and pack;true;Omdoos / verpakking;Carton extérieur / conditionnement;Outer carton / pack;Umkarton / Packung;Caja exterior / embalaje;Karton zbiorczy / opakowanie;Caixa exterior / embalagem;Dış koli / paket;Εξωτερικό κιβώτιο / συσκευασία
CATALOG;catalog.common.family.singular;Family singular;true;FAMILIE;FAMILLE;FAMILY;FAMILIE;FAMILIA;RODZINA;FAMÍLIA;AİLE;ΣΕΙΡΑ
CATALOG;catalog.common.family.plural;Family plural;true;FAMILIES;FAMILLES;FAMILIES;FAMILIEN;FAMILIAS;RODZINY;FAMÍLIAS;AİLELER;ΣΕΙΡΕΣ
CATALOG;catalog.common.variant.singular;Variant singular;true;UITVOERING;VARIANTE;VARIANT;AUSFÜHRUNG;VARIANTE;WARIANT;VARIANTE;VARYANT;ΠΑΡΑΛΛΑΓΗ
CATALOG;catalog.common.variant.plural;Variants plural;true;UITVOERINGEN;VARIANTES;VARIANTS;AUSFÜHRUNGEN;VARIANTES;WARIANTY;VARIANTES;VARYANTLAR;ΠΑΡΑΛΛΑΓΕΣ
CATALOG;catalog.common.selectedfamily.singular;Product family singular;true;productfamilie;famille de produits;product family;Produktfamilie;familia de productos;rodzina produktów;família de produtos;ürün ailesi;σειρά προϊόντων
CATALOG;catalog.common.selectedfamily.plural;Product families plural;true;productfamilies;familles de produits;product families;Produktfamilien;familias de productos;rodziny produktów;famílias de produtos;ürün aileleri;σειρές προϊόντων
CATALOG;catalog.simple.title;Simple catalogue title;true;Groothandelscatalogus;Catalogue grossiste;Wholesale Catalogue;Großhandelskatalog;Catálogo mayorista;Katalog hurtowy;Catálogo grossista;Toptan Katalog;Κατάλογος χονδρικής
CATALOG;catalog.simple.vatnumber;VAT number label;true;BTW-nummer;N° de TVA;VAT number;USt-IdNr.;NIF-IVA;NIP;NIF;Vergi numarası;Αριθμός ΦΠΑ
CATALOG;catalog.simple.item.singular;Simple item singular;true;artikel;article;item;Artikel;artículo;artykuł;artigo;ürün;είδος
CATALOG;catalog.simple.item.plural;Simple item plural;true;artikelen;articles;items;Artikel;artículos;artykuły;artigos;ürün;είδη
CATALOG;catalog.simple.perbox;Pieces per box;true;per doos;par carton;per box;pro Karton;por caja;w kartonie;por caixa;koli başına;ανά κουτί
CATALOG;catalog.simple.container20ft;Manual or calculated 20ft GP container capacity;true;20ft-container (GP);Conteneur 20 pieds (GP);20ft container (GP);20-Fuß-Container (GP);Contenedor de 20 pies (GP);Kontener 20-stopowy (GP);Contentor de 20 pés (GP);20 fit konteyner (GP);Εμπορευματοκιβώτιο 20 ποδών (GP)
CATALOG;catalog.simple.perpiece;Price per piece;true;per stuk;par pièce;per piece;pro Stück;por unidad;za sztukę;por unidade;adet başına;ανά τεμάχιο
CATALOG;catalog.quantity.displays;Quantity of commercial display units;true;{count} displays;{count} présentoirs;{count} displays;{count} Displays;{count} expositores;{count} ekspozytorów;{count} expositores;{count} stand;{count} σταντ
CATALOG;catalog.quantity.displaycontents;Carton display units and total inner pieces;true;{count} displays ({pieces} st.);{count} présentoirs ({pieces} pcs);{count} displays ({pieces} pcs);{count} Displays ({pieces} Stk.);{count} expositores ({pieces} uds.);{count} ekspozytorów ({pieces} szt.);{count} expositores ({pieces} un.);{count} stand ({pieces} adet);{count} σταντ ({pieces} τεμ.)
CATALOG;catalog.spec.unitspercarton;Spec: carton contents in commercial units;true;Inhoud per omdoos;Contenu par carton;Carton contents;Inhalt pro Umkarton;Contenido por caja;Zawartość kartonu;Conteúdo por caixa;Koli içeriği;Περιεχόμενο κιβωτίου
CATALOG;catalog.spec.capacity20ft;Spec: 20ft GP capacity with explicit value unit;true;Capaciteit 20ft GP;Capacité 20 pieds GP;20ft GP capacity;Kapazität 20-Fuß-GP;Capacidad 20 pies GP;Pojemność 20ft GP;Capacidade 20 pés GP;20ft GP kapasitesi;Χωρητικότητα 20ft GP
CATALOG;catalog.spec.capacity40ft;Spec: 40ft HC capacity with explicit value unit;true;Capaciteit 40ft HC;Capacité 40 pieds HC;40ft HC capacity;Kapazität 40-Fuß-HC;Capacidad 40 pies HC;Pojemność 40ft HC;Capacidade 40 pés HC;40ft HC kapasitesi;Χωρητικότητα 40ft HC
CATALOG;catalog.price.displaytotal;Secondary display total and confirmed piece count;true;Display ({pieces} st.): {price};Présentoir ({pieces} pcs) : {price};Display ({pieces} pcs): {price};Display ({pieces} Stk.): {price};Expositor ({pieces} uds.): {price};Ekspozytor ({pieces} szt.): {price};Expositor ({pieces} un.): {price};Stand ({pieces} adet): {price};Σταντ ({pieces} τεμ.): {price}
CATALOG;catalog.simple.outofstock;Out of stock;true;Niet op voorraad;Rupture de stock;Out of stock;Nicht auf Lager;Agotado;Brak w magazynie;Sem stock;Stokta yok;Εξαντλημένο
CATALOG;catalog.simple.footer;Simple footer;true;Prijzen, beschikbaarheid en levertijden worden bevestigd in de offerte.;Les prix, la disponibilité et les délais sont confirmés dans le devis.;Prices, availability and lead times are confirmed in the quotation.;Preise, Verfügbarkeit und Lieferzeiten werden im Angebot bestätigt.;Los precios, la disponibilidad y los plazos se confirman en el presupuesto.;Ceny, dostępność i terminy są potwierdzane w ofercie.;Os preços, a disponibilidade e os prazos são confirmados no orçamento.;Fiyatlar, stok durumu ve teslim süreleri teklifte onaylanır.;Οι τιμές, η διαθεσιμότητα και οι χρόνοι παράδοσης επιβεβαιώνονται στην προσφορά.
CATALOG;catalog.brochure.defaulttitle;Brochure default cover title;true;Gepreserveerde rozen,;Roses préservées,;Preserved roses,;Konservierte Rosen,;Rosas preservadas,;Róże stabilizowane,;Rosas preservadas,;Korunmuş güller,;Διατηρημένα τριαντάφυλλα,
CATALOG;catalog.brochure.defaultsubtitle;Brochure default cover subtitle;true;klaar voor retail.;prêtes pour la vente au détail.;ready for retail.;bereit für den Handel.;listas para retail.;gotowe do sprzedaży.;prontas para o retalho.;perakendeye hazır.;έτοιμα για λιανική.
CATALOG;catalog.brochure.defaultintro;Brochure default introduction;true;Langdurige geschenken voor counters, bloemisten en groothandel - van gepreserveerde displayrozen tot stolpen, flowerboxen en decoratieve rozen.;Des cadeaux durables pour comptoirs, fleuristes et grossistes - des roses préservées aux cloches, flowerboxes et roses décoratives.;Long-lasting gifting for counters, flower shops and wholesale buyers - from preserved display roses to domes, flowerboxes and decorative roses.;Langlebige Geschenkideen für Kassenbereiche, Floristen und Großhandel - von konservierten Displayrosen bis zu Glaskuppeln, Flowerboxen und dekorativen Rosen.;Regalos duraderos para mostradores, floristerías y mayoristas - desde rosas preservadas de exposición hasta cúpulas, flowerboxes y rosas decorativas.;Trwałe upominki na lady, do kwiaciarni i dla hurtowni - od stabilizowanych róż ekspozycyjnych po klosze, flowerboxy i róże dekoracyjne.;Presentes duradouros para balcões, floristas e grossistas - de rosas preservadas de exposição a cúpulas, flowerboxes e rosas decorativas.;Tezgâhlar, çiçekçiler ve toptan alıcılar için kalıcı hediyeler - korunmuş teşhir güllerinden fanuslara, flowerboxlara ve dekoratif güllere.;Δώρα μεγάλης διάρκειας για πάγκους, ανθοπωλεία και αγοραστές χονδρικής — από διατηρημένα τριαντάφυλλα σε σταντ έως καμπάνες, κουτιά λουλουδιών και διακοσμητικά τριαντάφυλλα.
CATALOG;catalog.brochure.cover.imagealt;Cover image alt;true;ENROSED-collectie;Collection ENROSED;ENROSED collection;ENROSED-Kollektion;Colección ENROSED;Kolekcja ENROSED;Coleção ENROSED;ENROSED koleksiyonu;Συλλογή ENROSED
CATALOG;catalog.brochure.intro.eyebrow;Intro eyebrow;true;GROOTHANDELSCOLLECTIE;COLLECTION PROFESSIONNELLE;WHOLESALE COLLECTION;GROSSHANDELSKOLLEKTION;COLECCIÓN MAYORISTA;KOLEKCJA HURTOWA;COLEÇÃO GROSSISTA;TOPTAN KOLEKSİYON;ΣΥΛΛΟΓΗ ΧΟΝΔΡΙΚΗΣ
CATALOG;catalog.brochure.intro.titleone;Intro title line one;true;Eén duidelijke collectie.;Une collection claire.;One clear collection.;Eine klare Kollektion.;Una colección clara.;Jedna przejrzysta kolekcja.;Uma coleção clara.;Tek ve net bir koleksiyon.;Μία ξεκάθαρη συλλογή.
CATALOG;catalog.brochure.intro.titletwo;Intro title line two;true;Alles wat u nodig hebt om te bestellen.;Tout ce qu'il faut pour commander.;Everything you need to order.;Alles, was Sie zum Bestellen brauchen.;Todo lo necesario para pedir.;Wszystko, czego potrzeba do zamówienia.;Tudo o que precisa para encomendar.;Sipariş için ihtiyacınız olan her şey.;Ό,τι χρειάζεστε για την παραγγελία σας.
CATALOG;catalog.brochure.intro.select.eyebrow;Select step eyebrow;true;01 · KIES;01 · SÉLECTIONNER;01 · SELECT;01 · AUSWÄHLEN;01 · ELEGIR;01 · WYBIERZ;01 · SELECIONAR;01 · SEÇ;01 · ΕΠΙΛΟΓΗ
CATALOG;catalog.brochure.intro.select.title;Select step title;true;Kies uw assortiment;Choisissez votre gamme;Choose your range;Sortiment wählen;Elige tu gama;Wybierz asortyment;Escolha a sua gama;Ürün grubunuzu seçin;Επιλέξτε το μείγμα προϊόντων σας
CATALOG;catalog.brochure.intro.select.body;Select step body;true;Elke geselecteerde kleur en maat blijft een afzonderlijke bestelbare SKU binnen één duidelijke productfamilie.;Chaque couleur et taille sélectionnée reste une SKU distincte et commandable au sein d'une même famille de produits.;Every selected colour and size remains a separate, orderable SKU inside one clear product family.;Jede gewählte Farbe und Größe bleibt eine separat bestellbare SKU innerhalb einer klaren Produktfamilie.;Cada color y tamaño seleccionado sigue siendo una SKU independiente y pedible dentro de una familia clara.;Każdy wybrany kolor i rozmiar pozostaje osobnym SKU do zamówienia w ramach jednej rodziny produktów.;Cada cor e tamanho selecionado continua a ser um SKU separado e encomendável numa família clara.;Seçilen her renk ve boyut, tek bir ürün ailesi içinde ayrı ve sipariş edilebilir bir SKU olarak kalır.;Κάθε επιλεγμένο χρώμα και μέγεθος παραμένει ξεχωριστός, παραγγέλσιμος κωδικός SKU μέσα σε μία σαφή σειρά προϊόντων.
CATALOG;catalog.brochure.intro.compare.eyebrow;Compare step eyebrow;true;02 · VERGELIJK;02 · COMPARER;02 · COMPARE;02 · VERGLEICHEN;02 · COMPARAR;02 · PORÓWNAJ;02 · COMPARAR;02 · KARŞILAŞTIR;02 · ΣΥΓΚΡΙΣΗ
CATALOG;catalog.brochure.intro.compare.title;Compare step title;true;Lees echte logistiek;Lisez les données logistiques;Read real logistics;Logistik klar lesen;Consulta la logística real;Sprawdź dane logistyczne;Consulte a logística real;Gerçek lojistik verilerini okuyun;Δείτε τα πραγματικά στοιχεία μεταφοράς
CATALOG;catalog.brochure.intro.compare.body;Compare step body;true;Productmaat, omdoos, verpakkingsaantal, prijzen en EAN staan samen voor eenvoudig bestellen.;Les dimensions, le carton, la quantité, les prix et les EAN sont réunis pour faciliter la commande.;Product size, carton size, pack quantity, prices and EAN values are shown together for easy ordering.;Produktmaß, Umkarton, Packmenge, Preise und EAN stehen für eine einfache Bestellung zusammen.;Las medidas, la caja, la cantidad, los precios y los EAN aparecen juntos para facilitar el pedido.;Wymiary, karton, liczba sztuk, ceny i EAN są pokazane razem, aby ułatwić zamówienie.;Dimensões, caixa, quantidade, preços e EAN são apresentados juntos para facilitar a encomenda.;Ürün ölçüsü, koli ölçüsü, paket adedi, fiyatlar ve EAN kolay sipariş için birlikte gösterilir.;Διαστάσεις προϊόντος και κιβωτίου, ποσότητα συσκευασίας, τιμές και κωδικοί EAN εμφανίζονται μαζί για εύκολη παραγγελία.
CATALOG;catalog.brochure.intro.order.eyebrow;Order step eyebrow;true;03 · BESTEL;03 · COMMANDER;03 · ORDER;03 · BESTELLEN;03 · PEDIR;03 · ZAMÓW;03 · ENCOMENDAR;03 · SİPARİŞ;03 · ΠΑΡΑΓΓΕΛΙΑ
CATALOG;catalog.brochure.intro.order.title;Order step title;true;Vraag een offerte;Demandez un devis;Request a quote;Angebot anfordern;Solicita un presupuesto;Poproś o ofertę;Peça um orçamento;Teklif isteyin;Ζητήστε προσφορά
CATALOG;catalog.brochure.intro.order.body;Order step body;true;Beschikbaarheid, vracht en levertijden worden bevestigd voor de exacte mix en aantallen die u nodig hebt.;La disponibilité, le transport et les délais sont confirmés pour la combinaison et les quantités souhaitées.;Availability, freight and lead times are confirmed for the exact mix and quantities you need.;Verfügbarkeit, Fracht und Lieferzeiten werden für den gewünschten Mix und die Mengen bestätigt.;La disponibilidad, el transporte y los plazos se confirman para la combinación y cantidades necesarias.;Dostępność, transport i terminy są potwierdzane dla wybranego zestawu i ilości.;A disponibilidade, o transporte e os prazos são confirmados para a combinação e quantidades pretendidas.;Stok, nakliye ve teslim süreleri ihtiyaç duyduğunuz ürün karması ve miktarlar için teyit edilir.;Η διαθεσιμότητα, τα μεταφορικά και οι χρόνοι παράδοσης επιβεβαιώνονται για το ακριβές μείγμα και τις ποσότητες που χρειάζεστε.
CATALOG;catalog.brochure.intro.imagealt;Intro display image alt;true;ENROSED-counterdisplay;Présentoir de comptoir ENROSED;ENROSED counter display;ENROSED-Thekendisplay;Expositor de mostrador ENROSED;Ekspozytor na ladę ENROSED;Expositor de balcão ENROSED;ENROSED tezgâh standı;Σταντ πάγκου ENROSED
CATALOG;catalog.brochure.carenote;Care note;true;Geschikt voor warme seizoenen in normale binnenverkoop. Vermijd direct zonlicht, verwarming, hoge luchtvochtigheid en extreme hitte.;Adapté aux saisons chaudes en intérieur normal. Éviter le soleil direct, les radiateurs, l'humidité élevée et la chaleur extrême.;Warm-season friendly in normal indoor retail. Keep away from direct sun, heaters, high humidity and extreme heat.;Für warme Jahreszeiten im normalen Innenverkauf geeignet. Direkte Sonne, Heizungen, hohe Feuchtigkeit und extreme Hitze vermeiden.;Apto para temporadas cálidas en interiores normales. Evitar sol directo, calefacción, humedad alta y calor extremo.;Odpowiednie na ciepłe sezony w normalnych wnętrzach. Chronić przed słońcem, grzejnikami, wilgocią i skrajnym ciepłem.;Adequado a épocas quentes em interiores normais. Evitar sol direto, aquecedores, humidade elevada e calor extremo.;Normal iç mekân satışında sıcak mevsimlere uygundur. Doğrudan güneşten, ısıtıcılardan, yüksek nemden ve aşırı sıcaktan uzak tutun.;Κατάλληλο για τη ζεστή περίοδο σε κανονικούς εσωτερικούς χώρους καταστημάτων. Διατηρείτε μακριά από άμεσο ήλιο, θερμαντικά σώματα, υψηλή υγρασία και υπερβολική ζέστη.
CATALOG;catalog.brochure.page.intro;Intro page label;true;INTRO;INTRODUCTION;INTRO;EINFÜHRUNG;INTRODUCCIÓN;WPROWADZENIE;INTRODUÇÃO;GİRİŞ;ΕΙΣΑΓΩΓΗ
CATALOG;catalog.brochure.contents.eyebrow;Contents eyebrow;true;COLLECTIE-INDEX;INDEX DE COLLECTION;COLLECTION INDEX;KOLLEKTIONSINDEX;ÍNDICE DE COLECCIÓN;INDEKS KOLEKCJI;ÍNDICE DA COLEÇÃO;KOLEKSİYON DİZİNİ;ΕΥΡΕΤΗΡΙΟ ΣΥΛΛΟΓΗΣ
CATALOG;catalog.brochure.contents.title;Contents title;true;Inhoud;Sommaire;Contents;Inhalt;Contenido;Spis treści;Conteúdo;İçindekiler;Περιεχόμενα
CATALOG;catalog.brochure.contents.subtitle;Contents subtitle;true;Geselecteerde families en varianten, gegroepeerd voor eenvoudig bestellen;Familles et variantes sélectionnées, regroupées pour faciliter la commande;Selected families and variants, grouped for easy ordering;Ausgewählte Familien und Varianten, für einfache Bestellung gruppiert;Familias y variantes seleccionadas, agrupadas para facilitar el pedido;Wybrane rodziny i warianty, pogrupowane dla łatwego zamawiania;Famílias e variantes selecionadas, agrupadas para facilitar a encomenda;Seçilen aileler ve varyantlar, kolay sipariş için gruplandı;Επιλεγμένες σειρές και παραλλαγές, ομαδοποιημένες για εύκολη παραγγελία
CATALOG;catalog.brochure.overview.eyebrow;Range overview eyebrow;true;HANDELSASSORTIMENT;GAMME PROFESSIONNELLE;WHOLESALE RANGE;GROSSHANDELSSORTIMENT;GAMA MAYORISTA;ASORTYMENT HURTOWY;GAMA GROSSISTA;TOPTAN ÜRÜN GRUBU;ΣΕΙΡΑ ΧΟΝΔΡΙΚΗΣ
CATALOG;catalog.brochure.overview.title;Range overview title;true;Het volledige assortiment in één oogopslag.;Toute la gamme en un coup d’œil.;The complete range at a glance.;Das gesamte Sortiment auf einen Blick.;Toda la gama de un vistazo.;Cały asortyment w jednym miejscu.;Toda a gama num só olhar.;Tüm ürün grubu tek bakışta.;Ολόκληρη η συλλογή με μια ματιά.
CATALOG;catalog.brochure.overview.subtitle;Range overview subtitle;true;Klik op een product voor de detailpagina.;Sélectionnez un produit pour ouvrir sa fiche détaillée.;Select a product to open its detail page.;Wählen Sie ein Produkt, um die Detailseite zu öffnen.;Seleccione un producto para abrir su página de detalle.;Wybierz produkt, aby otworzyć jego stronę szczegółową.;Selecione um produto para abrir a página de detalhe.;Detay sayfasını açmak için bir ürün seçin.;Επιλέξτε ένα προϊόν για να ανοίξετε τη σελίδα του.
CATALOG;catalog.brochure.overview.referenceprice;Reference price label;true;Referentieprijs;Prix indicatif;Reference price;Referenzpreis;Precio de referencia;Cena referencyjna;Preço de referência;Referans fiyat;Ενδεικτική τιμή
CATALOG;catalog.brochure.overview.pricebasis;Reference price basis;true;Referentieprijzen per stuk in EUR, exclusief BTW en levering.;Prix indicatifs par pièce en EUR, hors TVA et livraison.;Reference prices per piece in EUR, excluding VAT and delivery.;Referenzpreise pro Stück in EUR, ohne MwSt. und Lieferung.;Precios de referencia por unidad en EUR, sin IVA ni entrega.;Ceny referencyjne za sztukę w EUR, bez VAT i dostawy.;Preços de referência por unidade em EUR, sem IVA nem entrega.;EUR cinsinden adet başına referans fiyatlar, KDV ve teslimat hariçtir.;Ενδεικτικές τιμές ανά τεμάχιο σε EUR, χωρίς ΦΠΑ και παράδοση.
CATALOG;catalog.brochure.overview.priceonrequest;Price on request;true;Prijs op aanvraag;Prix sur demande;Price on request;Preis auf Anfrage;Precio previa solicitud;Cena na zapytanie;Preço sob consulta;Fiyat için bilgi alın;Τιμή κατόπιν αιτήματος
CATALOG;catalog.brochure.overview.viewdetail;View product detail;true;Bekijk product;Voir le produit;View product;Produkt ansehen;Ver producto;Zobacz produkt;Ver produto;Ürünü görüntüle;Προβολή προϊόντος
CATALOG;catalog.brochure.overview.from;From price;true;Vanaf;À partir de;From;Ab;Desde;Od;Desde;Başlangıç;Από
CATALOG;catalog.brochure.page.index;Index page label;true;INDEX;INDEX;INDEX;INDEX;ÍNDICE;INDEKS;ÍNDICE;DİZİN;ΕΥΡΕΤΗΡΙΟ
CATALOG;catalog.brochure.comparison.eyebrow;Comparison eyebrow;true;OVERZICHT GROOTHANDELSASSORTIMENT;APERÇU DE LA GAMME PROFESSIONNELLE;WHOLESALE RANGE OVERVIEW;ÜBERSICHT GROSSHANDELSSORTIMENT;RESUMEN DE GAMA MAYORISTA;PRZEGLĄD OFERTY HURTOWEJ;VISÃO GERAL DA GAMA GROSSISTA;TOPTAN ÜRÜN GRUBU ÖZETİ;ΕΠΙΣΚΟΠΗΣΗ ΧΟΝΔΡΙΚΗΣ
CATALOG;catalog.brochure.comparison.title;Comparison title;true;Retailklare producten, snel vergeleken.;Produits prêts pour la vente au détail, comparés rapidement.;Retail-ready products, compared quickly.;Verkaufsfertige Produkte schnell verglichen.;Productos listos para retail, comparados rápidamente.;Produkty gotowe do sprzedaży, szybkie porównanie.;Produtos prontos para o retalho, comparados rapidamente.;Perakendeye hazır ürünleri hızlıca karşılaştırın.;Προϊόντα έτοιμα για λιανική, με εύκολη σύγκριση.
CATALOG;catalog.brochure.comparison.subtitle;Comparison subtitle;true;Counterdisplays + zeep- en decoratieve rozen;Présentoirs de comptoir + roses savon et décoratives;Counter Displays + Soap & Decorative Roses;Thekendisplays + Seifen- und Dekorrosen;Expositores de mostrador + rosas de jabón y decorativas;Ekspozytory na ladę + róże mydlane i dekoracyjne;Expositores de balcão + rosas de sabão e decorativas;Tezgâh standları + sabun ve dekoratif güller;Σταντ πάγκου + τριαντάφυλλα σαπουνιού και διακοσμητικά
CATALOG;catalog.brochure.comparison.counter;Counter display label;true;Counterdisplays;Présentoirs de comptoir;Counter Displays;Thekendisplays;Expositores de mostrador;Ekspozytory na ladę;Expositores de balcão;Tezgâh standları;Σταντ πάγκου
CATALOG;catalog.brochure.comparison.decorative;Decorative roses label;true;Zeep- en decoratieve rozen;Roses savon et décoratives;Soap & Decorative Roses;Seifen- und Dekorrosen;Rosas de jabón y decorativas;Róże mydlane i dekoracyjne;Rosas de sabão e decorativas;Sabun ve dekoratif güller;Τριαντάφυλλα σαπουνιού και διακοσμητικά
CATALOG;catalog.brochure.comparison.hint;Comparison hint;true;Geselecteerde families · representatieve geselecteerde SKU;Familles sélectionnées · SKU sélectionnée représentative;Selected families · representative selected SKU;Ausgewählte Familien · repräsentative ausgewählte SKU;Familias seleccionadas · SKU seleccionada representativa;Wybrane rodziny · reprezentatywny wybrany SKU;Famílias selecionadas · SKU selecionado representativo;Seçilen aileler · temsilî seçilmiş SKU;Επιλεγμένες σειρές · αντιπροσωπευτικός επιλεγμένος κωδικός SKU
CATALOG;catalog.brochure.comparison.nocounter;No counter families;true;Geen geselecteerde counterdisplayfamilies;Aucune famille de présentoirs sélectionnée;No selected counter-display families;Keine ausgewählten Thekendisplay-Familien;No hay familias de expositores seleccionadas;Brak wybranych rodzin ekspozytorów;Sem famílias de expositores selecionadas;Seçili tezgâh standı ailesi yok;Δεν επιλέχθηκαν σειρές σταντ πάγκου
CATALOG;catalog.brochure.comparison.nodecorative;No decorative families;true;Geen geselecteerde families met zeep- of decoratieve rozen;Aucune famille de roses savon ou décoratives sélectionnée;No selected soap or decorative-rose families;Keine ausgewählten Seifen- oder Dekorrosen-Familien;No hay familias de rosas de jabón o decorativas seleccionadas;Brak wybranych rodzin róż mydlanych lub dekoracyjnych;Sem famílias de rosas de sabão ou decorativas selecionadas;Seçili sabun veya dekoratif gül ailesi yok;Δεν επιλέχθηκαν σειρές τριαντάφυλλων σαπουνιού ή διακοσμητικών
CATALOG;catalog.brochure.category.eyebrow;Category opener eyebrow;true;DE ENROSED-COLLECTIE;LA COLLECTION ENROSED;THE ENROSED COLLECTION;DIE ENROSED-KOLLEKTION;LA COLECCIÓN ENROSED;KOLEKCJA ENROSED;A COLEÇÃO ENROSED;ENROSED KOLEKSİYONU;Η ΣΥΛΛΟΓΗ ENROSED
CATALOG;catalog.brochure.custom.eyebrow;Customisation eyebrow;true;PERSONALISATIE & PRIVATE LABEL;PERSONNALISATION & MARQUE PRIVÉE;CUSTOMISATION & PRIVATE LABEL;INDIVIDUALISIERUNG & PRIVATE LABEL;PERSONALIZACIÓN Y MARCA PRIVADA;PERSONALIZACJA I MARKA WŁASNA;PERSONALIZAÇÃO E MARCA PRÓPRIA;ÖZELLEŞTİRME VE ÖZEL MARKA;ΠΡΟΣΑΡΜΟΓΗ ΚΑΙ ΙΔΙΩΤΙΚΗ ΕΤΙΚΕΤΑ
CATALOG;catalog.brochure.custom.title;Customisation title;true;Maak de collectie herkenbaar van u.;Rendez la collection reconnaissable comme la vôtre.;Make the collection recognisably yours.;Machen Sie die Kollektion unverkennbar zu Ihrer.;Haz que la colección sea reconociblemente tuya.;Nadaj kolekcji własny, rozpoznawalny charakter.;Torne a coleção reconhecidamente sua.;Koleksiyonu size özgü ve tanınır hâle getirin.;Δώστε στη συλλογή τη δική σας ταυτότητα.
CATALOG;catalog.brochure.custom.body;Customisation body;true;Geselecteerde formaten kunnen worden aangepast voor retailprogramma's, geschenkconcepten en private-labelpresentatie. Haalbaarheid en minimumaantallen worden per project bevestigd.;Certains formats peuvent être adaptés aux programmes retail, concepts cadeaux et présentations en marque privée. La faisabilité et les minimums sont confirmés par projet.;Selected formats can be adapted for retail programmes, gifting concepts and private-label presentation. Feasibility and minimum quantities are confirmed per project.;Ausgewählte Formate können für Handelsprogramme, Geschenkideen und Private-Label-Präsentationen angepasst werden. Machbarkeit und Mindestmengen werden je Projekt bestätigt.;Algunos formatos pueden adaptarse a programas retail, conceptos de regalo y marca privada. La viabilidad y los mínimos se confirman por proyecto.;Wybrane formaty można dopasować do programów detalicznych, koncepcji prezentowych i marki własnej. Możliwości i minima są potwierdzane dla projektu.;Alguns formatos podem ser adaptados a programas de retalho, conceitos de presente e marca própria. A viabilidade e os mínimos são confirmados por projeto.;Seçili formatlar perakende programlarına, hediye konseptlerine ve özel marka sunumuna uyarlanabilir. Uygunluk ve minimum miktarlar proje bazında teyit edilir.;Επιλεγμένες συσκευασίες μπορούν να προσαρμοστούν για προγράμματα λιανικής, προτάσεις δώρων και ιδιωτική ετικέτα. Η δυνατότητα υλοποίησης και οι ελάχιστες ποσότητες επιβεβαιώνονται ανά έργο.
CATALOG;catalog.brochure.custom.imagealt;Custom presentation image alt;true;Gepersonaliseerde ENROSED-presentatie;Présentation ENROSED personnalisée;Custom ENROSED presentation;Individuelle ENROSED-Präsentation;Presentación ENROSED personalizada;Spersonalizowana prezentacja ENROSED;Apresentação ENROSED personalizada;Özel ENROSED sunumu;Προσαρμοσμένη παρουσίαση ENROSED
CATALOG;catalog.brochure.custom.stepone.title;Custom step one title;true;Kies;Choisir;Choose;Auswählen;Elegir;Wybierz;Escolher;Seç;Επιλέξτε
CATALOG;catalog.brochure.custom.stepone.body;Custom step one body;true;Selecteer de familie, kleuren, maten en presentatie die bij uw kanaal passen.;Sélectionnez la famille, les couleurs, tailles et présentations adaptées à votre canal.;Select the family, colours, sizes and presentation that suit your channel.;Wählen Sie Familie, Farben, Größen und Präsentation passend zu Ihrem Kanal.;Selecciona la familia, colores, tamaños y presentación adecuados para tu canal.;Wybierz rodzinę, kolory, rozmiary i prezentację pasujące do kanału.;Selecione a família, cores, tamanhos e apresentação adequados ao seu canal.;Kanalınıza uygun aileyi, renkleri, boyutları ve sunumu seçin.;Επιλέξτε τη σειρά, τα χρώματα, τα μεγέθη και την παρουσίαση που ταιριάζουν στο κανάλι σας.
CATALOG;catalog.brochure.custom.steptwo.title;Custom step two title;true;Stel samen;Composer;Compose;Zusammenstellen;Componer;Skomponuj;Compor;Oluştur;Συνθέστε
CATALOG;catalog.brochure.custom.steptwo.body;Custom step two body;true;Bespreek sleeves, labels, counterdisplays, omdoosconfiguratie en geschenkdetails.;Discutez des étuis, étiquettes, présentoirs, cartons et détails cadeaux.;Discuss sleeves, labels, counter displays, carton configuration and gifting details.;Besprechen Sie Banderolen, Etiketten, Thekendisplays, Kartonkonfiguration und Geschenkdetails.;Define fundas, etiquetas, expositores, configuración de cajas y detalles de regalo.;Omów obwoluty, etykiety, ekspozytory, konfigurację kartonów i detale prezentowe.;Defina mangas, etiquetas, expositores, configuração de caixas e detalhes de presente.;Kılıfları, etiketleri, tezgâh standlarını, koli düzenini ve hediye detaylarını görüşün.;Συζητήστε θήκες, ετικέτες, σταντ πάγκου, διάταξη κιβωτίων και λεπτομέρειες δώρου.
CATALOG;catalog.brochure.custom.stepthree.title;Custom step three title;true;Bevestig;Confirmer;Confirm;Bestätigen;Confirmar;Potwierdź;Confirmar;Onayla;Επιβεβαιώστε
CATALOG;catalog.brochure.custom.stepthree.body;Custom step three body;true;Ontvang de exacte offerte, visuele richting, minimumhoeveelheid en leverplanning.;Recevez le devis exact, la direction visuelle, la quantité minimale et le planning de livraison.;Receive the exact quote, visual direction, minimum quantity and delivery plan.;Erhalten Sie das genaue Angebot, die visuelle Richtung, Mindestmenge und Lieferplanung.;Recibe el presupuesto exacto, la dirección visual, la cantidad mínima y el plan de entrega.;Otrzymaj dokładną ofertę, kierunek wizualny, minimum i plan dostawy.;Receba o orçamento exato, direção visual, quantidade mínima e plano de entrega.;Kesin teklifi, görsel yönü, minimum miktarı ve teslimat planını alın.;Λάβετε την ακριβή προσφορά, την οπτική πρόταση, την ελάχιστη ποσότητα και το πλάνο παράδοσης.
CATALOG;catalog.brochure.custom.footer;Customisation footer;true;PERSONALISATIE;PERSONNALISATION;CUSTOMISATION;INDIVIDUALISIERUNG;PERSONALIZACIÓN;PERSONALIZACJA;PERSONALIZAÇÃO;ÖZELLEŞTİRME;ΠΡΟΣΑΡΜΟΓΗ
CATALOG;catalog.brochure.custom.pagelabel;Private label page label;true;PRIVATE LABEL;MARQUE PRIVÉE;PRIVATE LABEL;PRIVATE LABEL;MARCA PRIVADA;MARKA WŁASNA;MARCA PRÓPRIA;ÖZEL MARKA;ΙΔΙΩΤΙΚΗ ΕΤΙΚΕΤΑ
CATALOG;catalog.brochure.order.eyebrow;Ordering eyebrow;true;HOE BESTELLEN;COMMENT COMMANDER;HOW TO ORDER;SO BESTELLEN SIE;CÓMO PEDIR;JAK ZAMAWIAĆ;COMO ENCOMENDAR;NASIL SİPARİŞ VERİLİR;ΠΩΣ ΝΑ ΠΑΡΑΓΓΕΙΛΕΤΕ
CATALOG;catalog.brochure.order.title;Ordering title;true;Van selectie tot levering.;De la sélection à la livraison.;From selection to delivery.;Von der Auswahl bis zur Lieferung.;De la selección a la entrega.;Od wyboru do dostawy.;Da seleção à entrega.;Seçimden teslimata.;Από την επιλογή στην παράδοση.
CATALOG;catalog.brochure.order.body;Ordering body;true;Stuur de geselecteerde SKU's en aantallen. ENROSED bevestigt beschikbaarheid, prijs, vracht, levertijd en het praktische leverplan vóór de order definitief is.;Envoyez les SKU et quantités sélectionnées. ENROSED confirme la disponibilité, le prix, le transport, le délai et le plan de livraison avant validation.;Send the selected SKUs and quantities. ENROSED confirms availability, pricing, freight, lead time and the practical delivery plan before the order is final.;Senden Sie die ausgewählten SKUs und Mengen. ENROSED bestätigt Verfügbarkeit, Preis, Fracht, Lieferzeit und Lieferplan vor Abschluss.;Envía las SKU y cantidades. ENROSED confirma disponibilidad, precio, transporte, plazo y plan de entrega antes de cerrar el pedido.;Wyślij wybrane SKU i ilości. ENROSED potwierdzi dostępność, cenę, transport, termin i plan dostawy przed finalizacją.;Envie os SKU e quantidades. A ENROSED confirma disponibilidade, preço, transporte, prazo e plano de entrega antes da finalização.;Seçilen SKU ve miktarları gönderin. ENROSED sipariş kesinleşmeden stok, fiyat, nakliye, süre ve teslimat planını teyit eder.;Στείλτε τους επιλεγμένους κωδικούς SKU και τις ποσότητες. Η ENROSED επιβεβαιώνει διαθεσιμότητα, τιμές, μεταφορικά, χρόνο και πρακτικό πλάνο παράδοσης πριν οριστικοποιηθεί η παραγγελία.
CATALOG;catalog.brochure.order.stepone.title;Order step one title;true;Selecteer;Sélectionner;Select;Auswählen;Seleccionar;Wybierz;Selecionar;Seç;Επιλέξτε
CATALOG;catalog.brochure.order.stepone.body;Order step one body;true;Gebruik deze brochure om de exacte productfamilies en kleur- of maatvarianten te kiezen.;Utilisez cette brochure pour choisir les familles et variantes exactes.;Use this brochure to choose the exact product families and colour or size variants.;Nutzen Sie diese Broschüre zur Auswahl der Produktfamilien und Varianten.;Usa este folleto para elegir las familias y variantes exactas.;Użyj broszury, aby wybrać dokładne rodziny i warianty.;Use esta brochura para escolher as famílias e variantes exatas.;Tam ürün ailelerini ve renk veya boyut varyantlarını seçmek için bu broşürü kullanın.;Χρησιμοποιήστε αυτόν τον κατάλογο για να επιλέξετε τις ακριβείς σειρές προϊόντων και τις παραλλαγές χρώματος ή μεγέθους.
CATALOG;catalog.brochure.order.steptwo.title;Order step two title;true;Offerte;Devis;Quote;Angebot;Presupuesto;Oferta;Orçamento;Teklif;Προσφορά
CATALOG;catalog.brochure.order.steptwo.body;Order step two body;true;Wij maken een actuele offerte voor de gevraagde mix, het volume en de bestemming.;Nous préparons un devis actuel pour la combinaison, le volume et la destination.;We prepare a current quotation for the requested mix, volume and destination.;Wir erstellen ein aktuelles Angebot für Mix, Volumen und Zielort.;Preparamos un presupuesto actualizado para la combinación, volumen y destino.;Przygotujemy aktualną ofertę dla zestawu, wolumenu i miejsca dostawy.;Preparamos um orçamento atual para a combinação, volume e destino.;İstenen ürün karması, hacim ve varış noktası için güncel teklif hazırlarız.;Ετοιμάζουμε επικαιροποιημένη προσφορά για το ζητούμενο μείγμα, την ποσότητα και τον προορισμό.
CATALOG;catalog.brochure.order.stepthree.title;Order step three title;true;Lever;Livrer;Deliver;Liefern;Entregar;Dostawa;Entregar;Teslim et;Παράδοση
CATALOG;catalog.brochure.order.stepthree.body;Order step three body;true;Na bevestiging worden producten voorbereid en verzonden volgens het overeengekomen plan.;Après confirmation, les produits sont préparés et expédiés selon le plan convenu.;After confirmation, products are prepared and shipped according to the agreed plan.;Nach Bestätigung werden die Produkte gemäß Plan vorbereitet und versendet.;Tras la confirmación, los productos se preparan y envían según el plan acordado.;Po potwierdzeniu produkty są przygotowywane i wysyłane zgodnie z planem.;Após confirmação, os produtos são preparados e enviados segundo o plano acordado.;Onaydan sonra ürünler kararlaştırılan plana göre hazırlanır ve gönderilir.;Μετά την επιβεβαίωση, τα προϊόντα προετοιμάζονται και αποστέλλονται σύμφωνα με το συμφωνημένο πλάνο.
CATALOG;catalog.brochure.order.note;Ordering note;true;Handelsprijzen, voorraad en levertijden kunnen wijzigen. Productinformatie in deze export is de actuele basis. Uw offerte bevestigt de commerciële voorwaarden.;Les prix professionnels, le stock et les délais peuvent changer. Les informations de cet export constituent la base actuelle. Votre devis confirme les conditions commerciales.;Trade prices, stock and lead times can change. Product information in this export is the current basis. Your quotation confirms the commercial terms for the order.;Handelspreise, Bestand und Lieferzeiten können sich ändern. Die Produktinformationen dieses Exports sind die aktuelle Grundlage. Ihr Angebot bestätigt die Konditionen.;Los precios profesionales, el stock y los plazos pueden cambiar. La información de esta exportación es la base actual. El presupuesto confirma las condiciones.;Ceny hurtowe, stan i terminy mogą się zmieniać. Dane w eksporcie są aktualną podstawą. Oferta potwierdza warunki handlowe.;Preços profissionais, stock e prazos podem mudar. A informação desta exportação é a base atual. O orçamento confirma as condições.;Toptan fiyatlar, stok ve süreler değişebilir. Bu dışa aktarımdaki bilgiler güncel temeldir. Teklif ticari koşulları doğrular.;Οι τιμές χονδρικής, το απόθεμα και οι χρόνοι παράδοσης μπορεί να αλλάξουν. Τα στοιχεία προϊόντων αυτής της εξαγωγής αποτελούν την τρέχουσα βάση. Η προσφορά επιβεβαιώνει τους εμπορικούς όρους της παραγγελίας.
CATALOG;catalog.brochure.order.footer;Ordering footer;true;HOE BESTELLEN;COMMENT COMMANDER;HOW TO ORDER;SO BESTELLEN SIE;CÓMO PEDIR;JAK ZAMAWIAĆ;COMO ENCOMENDAR;NASIL SİPARİŞ VERİLİR;ΠΩΣ ΝΑ ΠΑΡΑΓΓΕΙΛΕΤΕ
CATALOG;catalog.brochure.order.pagelabel;Contact page label;true;CONTACT;CONTACT;CONTACT;KONTAKT;CONTACTO;KONTAKT;CONTACTO;İLETİŞİM;ΕΠΙΚΟΙΝΩΝΙΑ
CATALOG;catalog.brochure.back.title;Back cover title;true;Gemaakt om lang mee te gaan. Klaar voor retail.;Conçu pour durer. Prêt pour le commerce.;Made to last. Ready for retail.;Für Dauer gemacht. Bereit für den Handel.;Hecho para durar. Listo para retail.;Stworzone, by trwać. Gotowe do sprzedaży.;Feito para durar. Pronto para o retalho.;Kalıcı olmak için üretildi. Perakendeye hazır.;Σχεδιασμένα να διαρκούν. Έτοιμα για λιανική.
CATALOG;catalog.brochure.back.body;Back cover body;true;Gepreserveerde en decoratieve rozen voor geschenken, displays en groothandelsprogramma's.;Roses préservées et décoratives pour cadeaux, présentoirs et programmes professionnels.;Preserved and decorative roses designed for gifting, display and wholesale programmes.;Konservierte und dekorative Rosen für Geschenke, Displays und Großhandelsprogramme.;Rosas preservadas y decorativas para regalos, exposición y programas mayoristas.;Róże stabilizowane i dekoracyjne do prezentów, ekspozycji i programów hurtowych.;Rosas preservadas e decorativas para presentes, exposição e programas grossistas.;Hediye, teşhir ve toptan programlar için korunmuş ve dekoratif güller.;Διατηρημένα και διακοσμητικά τριαντάφυλλα για δώρα, παρουσιάσεις και προγράμματα χονδρικής.
CATALOG;catalog.spec.title;Specification block title;true;Specificaties;Caractéristiques;Specifications;Spezifikationen;Especificaciones;Specyfikacja;Especificações;Teknik özellikler;Προδιαγραφές
CATALOG;catalog.spec.itemnumber;Spec: item number;true;Artikelnummer;Référence;Item number;Artikelnummer;Referencia;Numer artykułu;Referência;Ürün kodu;Κωδικός είδους
CATALOG;catalog.spec.productsize;Spec: product size;true;Productmaat;Dimensions du produit;Product size;Produktmaß;Medidas del producto;Wymiary produktu;Dimensões do produto;Ürün ölçüsü;Διαστάσεις προϊόντος
CATALOG;catalog.spec.weight;Spec: weight;true;Gewicht per stuk;Poids par pièce;Weight per piece;Gewicht pro Stück;Peso por unidad;Waga sztuki;Peso por unidade;Adet ağırlığı;Βάρος ανά τεμάχιο
CATALOG;catalog.spec.packaging;Spec: packaging;true;Verpakking;Emballage;Packaging;Verpackung;Embalaje;Opakowanie;Embalagem;Ambalaj;Συσκευασία
CATALOG;catalog.spec.outercarton;Spec: outer carton;true;Omdoos;Carton extérieur;Outer carton;Umkarton;Caja exterior;Karton zbiorczy;Caixa exterior;Dış koli;Εξωτερικό κιβώτιο
CATALOG;catalog.spec.piecespercarton;Spec: pieces per carton;true;Stuks per omdoos;Pièces par carton;Pieces per carton;Stück pro Umkarton;Unidades por caja;Sztuk w kartonie;Unidades por caixa;Koli başına adet;Τεμάχια ανά κιβώτιο
CATALOG;catalog.spec.cartonweight;Spec: carton weight;true;Gewicht per omdoos;Poids par carton;Weight per carton;Gewicht pro Umkarton;Peso por caja;Waga kartonu;Peso por caixa;Koli ağırlığı;Βάρος ανά κιβώτιο
CATALOG;catalog.spec.cartonvolume;Spec: carton volume;true;Volume per omdoos;Volume par carton;Volume per carton;Volumen pro Umkarton;Volumen por caja;Objętość kartonu;Volume por caixa;Koli hacmi;Όγκος ανά κιβώτιο
CATALOG;catalog.spec.container;Spec: pieces per container;true;Stuks per 40ft HC-container;Pièces par conteneur 40' HC;Pieces per 40ft HC container;Stück pro 40-Fuß-HC-Container;Unidades por contenedor 40' HC;Sztuk w kontenerze 40' HC;Unidades por contentor 40' HC;40ft HC konteyner başına adet;Τεμάχια ανά εμπορευματοκιβώτιο 40ft HC
CATALOG;catalog.spec.container20ft;Spec: manual or calculated pieces per 20ft GP container;true;Stuks per 20ft GP-container;Pièces par conteneur 20' GP;Pieces per 20ft GP container;Stück pro 20-Fuß-GP-Container;Unidades por contenedor 20' GP;Sztuk w kontenerze 20' GP;Unidades por contentor 20' GP;20ft GP konteyner başına adet;Τεμάχια ανά εμπορευματοκιβώτιο 20ft GP
CATALOG;catalog.spec.hscode;Spec: HS code;true;HS-code;Code SH;HS code;HS-Code;Código HS;Kod HS;Código HS;GTİP kodu;Κωδικός HS
CATALOG;catalog.spec.colours;Spec: colours;true;Kleuren;Couleurs;Colours;Farben;Colores;Kolory;Cores;Renkler;Χρώματα
CATALOG;catalog.spec.sizes;Spec: sizes;true;Maten;Tailles;Sizes;Größen;Tamaños;Rozmiary;Tamanhos;Boyutlar;Μεγέθη
CATALOG;catalog.brochure.overview.page;Page reference label;true;Pagina;Page;Page;Seite;Página;Strona;Página;Sayfa;Σελίδα
CATALOG;catalog.brochure.cover.contents;Cover contents title;true;Inhoud;Sommaire;Contents;Inhalt;Índice;Spis treści;Índice;İçindekiler;Περιεχόμενα
CATALOG;catalog.brochure.overview.detailhint;Overview detail hint;true;Details en specificaties op de vermelde pagina.;Détails et spécifications à la page indiquée.;Details and specifications on the page shown.;Details und Spezifikationen auf der genannten Seite.;Detalles y especificaciones en la página indicada.;Szczegóły i specyfikacje na podanej stronie.;Detalhes e especificações na página indicada.;Ayrıntılar ve özellikler belirtilen sayfada.;Λεπτομέρειες και προδιαγραφές στη σελίδα που αναφέρεται.
CATALOG;catalog.brochure.range.cbm;Range table m³ column;true;m³ per omdoos;m³ par carton;m³ per carton;m³ pro Umkarton;m³ por caja;m³ na karton;m³ por caixa;Koli başına m³;m³ ανά κιβώτιο
CATALOG;catalog.brochure.range.container;Range table 40ft HC column;true;Per 40' HC;Par 40' HC;Per 40' HC;Pro 40' HC;Por 40' HC;Na 40' HC;Por 40' HC;40' HC başına;Ανά 40' HC
CATALOG;catalog.brochure.range.container20ft;Range table 20ft GP capacity;true;Per 20' GP;Par 20' GP;Per 20' GP;Pro 20' GP;Por 20' GP;Na 20' GP;Por 20' GP;20' GP başına;Ανά 20' GP
CATALOG;catalog.brochure.range.legend;Range table legend;true;Stippen tonen de beschikbare kleuren. Maten, EAN-codes en gewichten per uitvoering staan op de productpagina.;Les points indiquent les couleurs disponibles. Tailles, codes EAN et poids par variante figurent sur la page produit.;Dots show the available colours. Sizes, EAN codes and weights per variant are on the product page.;Punkte zeigen die verfügbaren Farben. Größen, EAN-Codes und Gewichte je Ausführung stehen auf der Produktseite.;Los puntos muestran los colores disponibles. Tamaños, códigos EAN y pesos por variante están en la página del producto.;Kropki pokazują dostępne kolory. Rozmiary, kody EAN i wagi wariantów znajdują się na stronie produktu.;Os pontos mostram as cores disponíveis. Tamanhos, códigos EAN e pesos por variante estão na página do produto.;Noktalar mevcut renkleri gösterir. Varyant başına boyutlar, EAN kodları ve ağırlıklar ürün sayfasındadır.;Οι κουκκίδες δείχνουν τα διαθέσιμα χρώματα. Μεγέθη, κωδικοί EAN και βάρη ανά παραλλαγή εμφανίζονται στη σελίδα του προϊόντος.
CATALOG;catalog.brochure.range.price;Range table price column;true;Prijs / st.;Prix / pc;Price / pc;Preis / Stk.;Precio / ud.;Cena / szt.;Preço / un.;Adet fiyatı;Τιμή / τεμ.
CATALOG;catalog.brochure.range.sizepack;Range table size and pack column;true;Maat & verpakking;Taille & conditionnement;Size & pack;Maß & Verpackung;Tamaño y embalaje;Rozmiar i opakowanie;Tamanho e embalagem;Boyut ve paket;Μέγεθος και συσκευασία
CATALOG;catalog.brochure.range.logistics;Range table carton and logistics column;true;Omdoos & logistiek;Carton & logistique;Carton & logistics;Umkarton & Logistik;Caja y logística;Karton i logistyka;Caixa e logística;Koli ve lojistik;Κιβώτιο και μεταφορά
CATALOG;catalog.brochure.atelier.title;Atelier title;true;Uw merk. Onze rozen.;Votre marque. Nos roses.;Your brand. Our roses.;Ihre Marke. Unsere Rosen.;Su marca. Nuestras rosas.;Twoja marka. Nasze róże.;A sua marca. As nossas rosas.;Markanız. Güllerimiz.;Η επωνυμία σας. Τα τριαντάφυλλά μας.
CATALOG;catalog.brochure.atelier.body;Atelier introduction;true;Geef uw assortiment een eigen uitstraling. Voor geselecteerde producten stemmen we kleur, verpakking en presentatie af op uw merk.;Donnez une identité propre à votre assortiment. Pour une sélection de produits, nous adaptons les couleurs, les emballages et la présentation à votre marque.;Give your range a distinctive identity. For selected products, we align colour, packaging and presentation with your brand.;Verleihen Sie Ihrem Sortiment einen unverwechselbaren Auftritt. Bei ausgewählten Produkten stimmen wir Farbe, Verpackung und Präsentation auf Ihre Marke ab.;Dé a su surtido una identidad propia. En una selección de productos, adaptamos el color, el embalaje y la presentación a su marca.;Nadaj swojemu asortymentowi własny charakter. W przypadku wybranych produktów dopasowujemy kolor, opakowanie i sposób prezentacji do Twojej marki.;Dê à sua gama uma identidade própria. Para produtos selecionados, adaptamos a cor, a embalagem e a apresentação à sua marca.;Ürün yelpazenize özgün bir kimlik kazandırın. Seçili ürünlerde renk, ambalaj ve sunumu markanıza uygun hâle getiriyoruz.;Δώστε στη γκάμα σας ξεχωριστή ταυτότητα. Για επιλεγμένα προϊόντα, προσαρμόζουμε το χρώμα, τη συσκευασία και την παρουσίαση στην επωνυμία σας.
CATALOG;catalog.brochure.atelier.caption;Atelier image caption;true;Verpakkingsconcept ter inspiratie.;Concept d’emballage à titre d’inspiration.;Packaging concept for inspiration.;Verpackungskonzept zur Inspiration.;Concepto de embalaje como inspiración.;Koncepcja opakowania jako inspiracja.;Conceito de embalagem para inspiração.;İlham amaçlı ambalaj konsepti.;Πρόταση συσκευασίας για έμπνευση.
CATALOG;catalog.brochure.atelier.one.title;Atelier step one title;true;Kleur & formaat;Couleur & format;Colour & format;Farbe & Format;Color y formato;Kolor i format;Cor e formato;Renk ve boyut;Χρώμα και μέγεθος
CATALOG;catalog.brochure.atelier.one.body;Atelier step one body;true;Kies de producten en kleuren die bij uw collectie passen.;Choisissez les produits et les couleurs qui correspondent à votre collection.;Choose the products and colours that suit your collection.;Wählen Sie die Produkte und Farben, die zu Ihrer Kollektion passen.;Elija los productos y colores que encajen en su colección.;Wybierz produkty i kolory pasujące do Twojej kolekcji.;Escolha os produtos e as cores que se adequam à sua coleção.;Koleksiyonunuza uygun ürünleri ve renkleri seçin.;Επιλέξτε τα προϊόντα και τα χρώματα που ταιριάζουν στη συλλογή σας.
CATALOG;catalog.brochure.atelier.two.title;Atelier step two title;true;Verpakking & merk;Emballage & marque;Packaging & brand;Verpackung & Marke;Embalaje y marca;Opakowanie i marka;Embalagem e marca;Ambalaj ve marka;Συσκευασία και επωνυμία
CATALOG;catalog.brochure.atelier.two.body;Atelier step two body;true;Bespreek doos, lint, bedrukking en de presentatie van uw logo.;Échangeons sur la boîte, le ruban, l’impression et la mise en valeur de votre logo.;Discuss the box, ribbon, print and presentation of your logo.;Besprechen Sie mit uns die Schachtel, das Band, den Druck und die Platzierung Ihres Logos.;Comente con nosotros la caja, la cinta, la impresión y la presentación de su logotipo.;Omów z nami pudełko, wstążkę, nadruk i sposób prezentacji Twojego logo.;Fale connosco sobre a caixa, a fita, a impressão e a apresentação do seu logótipo.;Kutu, kurdele, baskı ve logonuzun sunumunu birlikte değerlendirelim.;Συζητήστε μαζί μας για το κουτί, την κορδέλα, την εκτύπωση και την παρουσίαση του λογοτύπου σας.
CATALOG;catalog.brochure.atelier.three.title;Atelier step three title;true;Samen afgestemd;Défini ensemble;Agreed together;Gemeinsam abgestimmt;Lo acordamos juntos;Wspólne ustalenia;Acordado em conjunto;Birlikte kararlaştırılır;Συμφωνούμε μαζί
CATALOG;catalog.brochure.atelier.three.body;Atelier step three body;true;Mogelijkheden, aantallen en planning worden vooraf bevestigd.;Les possibilités, les quantités et le calendrier sont confirmés au préalable.;Options, quantities and timing are confirmed in advance.;Möglichkeiten, Mengen und Zeitplan werden im Voraus bestätigt.;Las opciones, las cantidades y los plazos se confirman de antemano.;Możliwości, ilości i harmonogram potwierdzamy z wyprzedzeniem.;As opções, as quantidades e os prazos são confirmados antecipadamente.;Seçenekler, miktarlar ve takvim önceden teyit edilir.;Οι δυνατότητες, οι ποσότητες και το χρονοδιάγραμμα επιβεβαιώνονται εκ των προτέρων.
CATALOG;catalog.brochure.buying.title;Buying title;true;Uw volgende collectie begint hier.;Votre prochaine collection commence ici.;Your next collection starts here.;Ihre nächste Kollektion beginnt hier.;Su próxima colección empieza aquí.;Twoja kolejna kolekcja zaczyna się tutaj.;A sua próxima coleção começa aqui.;Bir sonraki koleksiyonunuz burada başlıyor.;Η επόμενη συλλογή σας ξεκινά εδώ.
CATALOG;catalog.brochure.buying.body;Buying introduction;true;Van een eerste selectie naar een voorstel voor uw bedrijf. We bevestigen de beschikbaarheid, prijzen en levering voordat u bestelt.;De votre première sélection à une proposition pour votre entreprise. Nous confirmons la disponibilité, les prix et la livraison avant votre commande.;From your first selection to a proposal for your business. We confirm availability, prices and delivery before you order.;Von Ihrer ersten Auswahl zu einem Angebot für Ihr Unternehmen. Wir bestätigen Verfügbarkeit, Preise und Lieferung, bevor Sie bestellen.;De una primera selección a una propuesta para su empresa. Confirmamos la disponibilidad, los precios y la entrega antes de que haga su pedido.;Od pierwszego wyboru do oferty dla Twojej firmy. Przed złożeniem zamówienia potwierdzamy dostępność, ceny i warunki dostawy.;Da sua primeira seleção a uma proposta para a sua empresa. Confirmamos a disponibilidade, os preços e a entrega antes de efetuar a encomenda.;İlk seçiminizden işletmenize özel bir teklife. Sipariş vermeden önce stok durumunu, fiyatları ve teslimatı teyit ediyoruz.;Από την πρώτη σας επιλογή σε μια πρόταση για την επιχείρησή σας. Επιβεβαιώνουμε τη διαθεσιμότητα, τις τιμές και την παράδοση πριν υποβάλετε την παραγγελία σας.
CATALOG;catalog.brochure.buying.one.title;Buying step one title;true;Kies uw assortiment;Choisissez votre assortiment;Choose your range;Wählen Sie Ihr Sortiment;Elija su surtido;Wybierz swój asortyment;Escolha a sua gama;Ürün yelpazenizi seçin;Επιλέξτε τα προϊόντα σας
CATALOG;catalog.brochure.buying.one.body;Buying step one body;true;Noteer artikelnummers, kleuren en aantallen, of maak uw selectie online.;Notez les références, les couleurs et les quantités, ou faites votre sélection en ligne.;Note item numbers, colours and quantities, or build your selection online.;Notieren Sie Artikelnummern, Farben und Mengen oder stellen Sie Ihre Auswahl online zusammen.;Anote las referencias, los colores y las cantidades, o haga su selección en línea.;Zapisz numery artykułów, kolory i ilości lub przygotuj swój wybór online.;Anote as referências, as cores e as quantidades, ou faça a sua seleção online.;Ürün kodlarını, renkleri ve miktarları not edin veya seçiminizi çevrimiçi oluşturun.;Σημειώστε τους κωδικούς προϊόντων, τα χρώματα και τις ποσότητες ή κάντε την επιλογή σας online.
CATALOG;catalog.brochure.buying.two.title;Buying step two title;true;Ontvang uw voorstel;Recevez votre proposition;Receive your proposal;Erhalten Sie Ihr Angebot;Reciba su propuesta;Otrzymaj ofertę;Receba a sua proposta;Teklifinizi alın;Λάβετε την πρότασή σας
CATALOG;catalog.brochure.buying.two.body;Buying step two body;true;U krijgt een offerte met handelsprijzen, verpakkingseenheden en de afgesproken levering.;Vous recevez un devis précisant les tarifs professionnels, les unités de conditionnement et la livraison convenue.;Receive a quotation with trade prices, pack quantities and the agreed delivery.;Sie erhalten ein Angebot mit Handelspreisen, Verpackungseinheiten und der vereinbarten Lieferung.;Reciba un presupuesto con precios mayoristas, unidades de embalaje y la entrega acordada.;Otrzymasz ofertę z cenami hurtowymi, ilościami w opakowaniach i uzgodnionymi warunkami dostawy.;Receba um orçamento com preços de revenda, quantidades por embalagem e a entrega acordada.;Toptan fiyatları, ambalaj içi adetleri ve kararlaştırılan teslimatı içeren bir teklif alın.;Λάβετε προσφορά με τιμές χονδρικής, ποσότητες ανά συσκευασία και τη συμφωνημένη παράδοση.
CATALOG;catalog.brochure.buying.three.title;Buying step three title;true;Bevestig uw bestelling;Confirmez votre commande;Confirm your order;Bestätigen Sie Ihre Bestellung;Confirme su pedido;Potwierdź zamówienie;Confirme a sua encomenda;Siparişinizi onaylayın;Επιβεβαιώστε την παραγγελία σας
CATALOG;catalog.brochure.buying.three.body;Buying step three body;true;Na uw akkoord bereiden we de bestelling voor volgens de bevestigde afspraken.;Après votre accord, nous préparons la commande selon les modalités confirmées.;After your approval, we prepare the order in line with the confirmed details.;Nach Ihrer Freigabe bereiten wir die Bestellung gemäß den bestätigten Vereinbarungen vor.;Tras su aprobación, preparamos el pedido según las condiciones confirmadas.;Po Twojej akceptacji przygotujemy zamówienie zgodnie z potwierdzonymi ustaleniami.;Após a sua aprovação, preparamos a encomenda de acordo com as condições confirmadas.;Onayınızın ardından siparişi teyit edilen koşullara göre hazırlıyoruz.;Μετά την έγκρισή σας, ετοιμάζουμε την παραγγελία σύμφωνα με όσα έχουν επιβεβαιωθεί.
CATALOG;catalog.brochure.buying.cta;Buying call to action;true;Start uw offerteaanvraag;Demandez votre devis;Start your quote request;Starten Sie Ihre Angebotsanfrage;Solicite su presupuesto;Poproś o ofertę;Peça o seu orçamento;Teklif talebinizi başlatın;Ξεκινήστε το αίτημά σας για προσφορά
CATALOG;catalog.brochure.buying.ctaNote;Buying call to action note;true;Scan de code of neem rechtstreeks contact op.;Scannez le code ou contactez-nous directement.;Scan the code or contact us directly.;Scannen Sie den Code oder kontaktieren Sie uns direkt.;Escanee el código o contacte con nosotros directamente.;Zeskanuj kod lub skontaktuj się z nami bezpośrednio.;Leia o código ou contacte-nos diretamente.;Kodu tarayın veya doğrudan bizimle iletişime geçin.;Σαρώστε τον κωδικό ή επικοινωνήστε απευθείας μαζί μας.
CATALOG;catalog.brochure.buying.imagealt;Buying image alternative text;true;Rode rozen en geschenkverpakkingen klaar voor ordervoorbereiding;Roses rouges et emballages cadeaux disposés pour la préparation des commandes;Red roses and gift packaging arranged for order preparation;Rote Rosen und Geschenkverpackungen für die Auftragsvorbereitung bereitgestellt;Rosas rojas y embalajes de regalo preparados para organizar los pedidos;Czerwone róże i opakowania prezentowe przygotowane do kompletowania zamówień;Rosas vermelhas e embalagens de presente dispostas para a preparação de encomendas;Sipariş hazırlığı için düzenlenmiş kırmızı güller ve hediye ambalajları;Κόκκινα τριαντάφυλλα και συσκευασίες δώρων έτοιμα για την προετοιμασία παραγγελιών
CATALOG;catalog.brochure.palette.kicker;Colour palette kicker;true;Kleur & maatwerk;Couleur & personnalisation;Colour & customisation;Farbe & Individualisierung;Color y personalización;Kolor i personalizacja;Cor e personalização;Renk ve kişiselleştirme;Χρώμα και εξατομίκευση
CATALOG;catalog.brochure.palette.heading;Colour palette heading;true;Uw kleur. Uw collectie.;Votre couleur. Votre collection.;Your colour. Your collection.;Ihre Farbe. Ihre Kollektion.;Su color. Su colección.;Twój kolor. Twoja kolekcja.;A sua cor. A sua coleção.;Renginiz. Koleksiyonunuz.;Το χρώμα σας. Η συλλογή σας.
CATALOG;catalog.brochure.palette.intro;Colour palette introduction;true;Stel uw collectie samen met rozenkoppen en bloemen van foam of zeep, afgestemd op uw concept.;Composez votre collection avec des têtes de roses et des fleurs en mousse ou en savon, adaptées à votre concept.;Build your collection with rose heads and flowers made from foam or soap, tailored to your concept.;Gestalten Sie Ihre Kollektion mit Rosenköpfen und Blumen aus Schaumstoff oder Seife, passend zu Ihrem Konzept.;Cree su colección con cabezas de rosa y flores de espuma o jabón, adaptadas a su concepto.;Stwórz kolekcję z główek róż oraz kwiatów z pianki lub mydła, dopasowaną do Twojej koncepcji.;Crie a sua coleção com cabeças de rosa e flores de espuma ou sabão, adaptadas ao seu conceito.;Konseptinize uygun gül başları, köpük veya sabun çiçekleriyle koleksiyonunuzu oluşturun.;Δημιουργήστε τη συλλογή σας με κεφαλές τριαντάφυλλων και άνθη από αφρώδες υλικό ή σαπούνι, προσαρμοσμένα στην ιδέα σας.
CATALOG;catalog.brochure.palette.caption;Colour palette caption;true;Kleuren ter inspiratie. Kleurtinten kunnen per materiaal en partij verschillen. Mogelijkheden en minimale aantallen bevestigen we in uw offerte.;Des couleurs pour vous inspirer. Les teintes peuvent varier selon le matériau et le lot. Les possibilités et les quantités minimales sont confirmées dans votre devis.;Colours for inspiration. Shades may vary by material and batch. Options and minimum quantities are confirmed in your quotation.;Farben zur Inspiration. Farbtöne können je nach Material und Charge variieren. Möglichkeiten und Mindestmengen bestätigen wir in Ihrem Angebot.;Colores para inspirarse. Los tonos pueden variar según el material y el lote. Las opciones y las cantidades mínimas se confirman en su presupuesto.;Kolory dla inspiracji. Odcienie mogą różnić się zależnie od materiału i partii. Możliwości i minimalne ilości potwierdzamy w ofercie.;Cores para inspiração. Os tons podem variar consoante o material e o lote. As opções e as quantidades mínimas são confirmadas no seu orçamento.;Renkler ilham amaçlıdır. Tonlar malzemeye ve üretim partisine göre değişebilir. Seçenekler ve minimum miktarlar teklifinizde teyit edilir.;Χρώματα για έμπνευση. Οι αποχρώσεις μπορεί να διαφέρουν ανά υλικό και παρτίδα. Οι δυνατότητες και οι ελάχιστες ποσότητες επιβεβαιώνονται στην προσφορά σας.
CATALOG;catalog.brochure.palette.imagealt;Colour palette image alternative text;true;Twintig rozenkleuren, van wit en zachte pasteltinten tot dieprood, blauw en zwart.;Vingt couleurs de roses, du blanc et des pastels doux au rouge profond, au bleu et au noir.;Twenty rose colours, from white and soft pastels to deep red, blue and black.;Zwanzig Rosenfarben, von Weiß und sanften Pastelltönen bis zu tiefem Rot, Blau und Schwarz.;Veinte colores de rosas, desde el blanco y los tonos pastel suaves hasta el rojo intenso, el azul y el negro.;Dwadzieścia kolorów róż, od bieli i delikatnych pasteli po głęboką czerwień, błękit i czerń.;Vinte cores de rosas, do branco e dos tons pastel suaves ao vermelho intenso, azul e preto.;Beyaz ve yumuşak pastel tonlardan koyu kırmızı, mavi ve siyaha uzanan yirmi gül rengi.;Είκοσι χρώματα τριαντάφυλλων, από λευκό και απαλά παστέλ έως βαθύ κόκκινο, μπλε και μαύρο.
CATALOG;catalog.brochure.palette.heads.title;Rose heads material title;true;Rozenkoppen;Têtes de roses;Rose heads;Rosenköpfe;Cabezas de rosa;Główki róż;Cabeças de rosa;Gül başları;Κεφαλές τριαντάφυλλων
CATALOG;catalog.brochure.palette.heads.body;Rose heads material body;true;Kies kleur en formaat voor bloemwerk, decoratie of uw eigen presentatie. We stemmen de mogelijkheden af op uw toepassing.;Choisissez la couleur et la taille pour vos compositions florales, vos décors ou votre propre présentation. Nous définissons les possibilités selon votre usage.;Choose colour and size for floral work, decoration or your own presentation. We confirm the options for your intended use.;Wählen Sie Farbe und Größe für Floristik, Dekoration oder Ihre eigene Präsentation. Wir stimmen die Möglichkeiten auf Ihren Einsatz ab.;Elija el color y el tamaño para trabajos florales, decoración o su propia presentación. Definimos las opciones según el uso previsto.;Wybierz kolor i rozmiar do kompozycji florystycznych, dekoracji lub własnej ekspozycji. Dopasujemy możliwości do Twojego zastosowania.;Escolha a cor e o tamanho para trabalhos florais, decoração ou a sua própria apresentação. Definimos as opções para a utilização pretendida.;Çiçek tasarımları, dekorasyon veya kendi sunumunuz için renk ve boyut seçin. Seçenekleri kullanım amacınıza göre birlikte belirleyelim.;Επιλέξτε χρώμα και μέγεθος για ανθοσυνθέσεις, διακόσμηση ή τη δική σας παρουσίαση. Προσαρμόζουμε τις δυνατότητες στη χρήση που επιθυμείτε.
CATALOG;catalog.brochure.palette.foam.title;Foam flowers material title;true;Foam bloemen;Fleurs en mousse;Foam flowers;Schaumstoffblumen;Flores de espuma;Kwiaty piankowe;Flores de espuma;Köpük çiçekler;Άνθη από αφρώδες υλικό
CATALOG;catalog.brochure.palette.foam.body;Foam flowers material body;true;Een decoratieve invulling voor creatieve collecties. Bespreek de gewenste kleur, vorm en verwerking met ons.;Une option décorative pour des collections créatives. Échangeons sur la couleur, la forme et la mise en œuvre souhaitées.;A decorative option for creative collections. Discuss your preferred colour, shape and arrangement with us.;Eine dekorative Möglichkeit für kreative Kollektionen. Besprechen Sie mit uns die gewünschte Farbe, Form und Verarbeitung.;Una opción decorativa para colecciones creativas. Comente con nosotros el color, la forma y la disposición que desea.;Dekoracyjna propozycja do kreatywnych kolekcji. Omów z nami wybrany kolor, kształt i sposób wykorzystania.;Uma opção decorativa para coleções criativas. Fale connosco sobre a cor, a forma e a disposição pretendidas.;Yaratıcı koleksiyonlar için dekoratif bir seçenek. İstediğiniz renk, biçim ve düzenlemeyi bizimle görüşün.;Μια διακοσμητική επιλογή για δημιουργικές συλλογές. Συζητήστε μαζί μας το χρώμα, το σχήμα και τη σύνθεση που προτιμάτε.
CATALOG;catalog.brochure.palette.soap.title;Soap flowers material title;true;Zeepbloemen;Fleurs de savon;Soap flowers;Seifenblumen;Flores de jabón;Kwiaty mydlane;Flores de sabão;Sabun çiçekleri;Άνθη από σαπούνι
CATALOG;catalog.brochure.palette.soap.body;Soap flowers material body;true;Voor decoratieve geschenkconcepten en flowerboxen. Kleur, samenstelling en verpakking stemmen we samen af.;Pour des cadeaux décoratifs et des boîtes à fleurs. Nous définissons ensemble la couleur, la composition et l’emballage.;For decorative gift concepts and flower boxes. We agree on colour, composition and packaging together.;Für dekorative Geschenkideen und Blumenboxen. Farbe, Zusammenstellung und Verpackung stimmen wir gemeinsam ab.;Para conceptos de regalo decorativos y cajas de flores. Acordamos juntos el color, la composición y el embalaje.;Do dekoracyjnych zestawów prezentowych i pudełek z kwiatami. Wspólnie ustalimy kolor, kompozycję i opakowanie.;Para conceitos de presentes decorativos e caixas de flores. Definimos em conjunto a cor, a composição e a embalagem.;Dekoratif hediye konseptleri ve çiçek kutuları için. Renk, içerik ve ambalajı birlikte belirleyelim.;Για διακοσμητικές προτάσεις δώρων και κουτιά λουλουδιών. Συμφωνούμε μαζί το χρώμα, τη σύνθεση και τη συσκευασία.
CATALOG;catalog.brochure.palette.colour.white;Palette colour white;true;Wit;Blanc;White;Weiß;Blanco;Biały;Branco;Beyaz;Λευκό
CATALOG;catalog.brochure.palette.colour.ivory;Palette colour ivory;true;Ivoor;Ivoire;Ivory;Elfenbein;Marfil;Kość słoniowa;Marfim;Fildişi;Ιβουάρ
CATALOG;catalog.brochure.palette.colour.champagne;Palette colour champagne;true;Champagne;Champagne;Champagne;Champagner;Champán;Szampański;Champanhe;Şampanya;Σαμπανί
CATALOG;catalog.brochure.palette.colour.peach;Palette colour peach;true;Perzik;Pêche;Peach;Pfirsich;Melocotón;Brzoskwiniowy;Pêssego;Şeftali;Ροδακινί
CATALOG;catalog.brochure.palette.colour.yellow;Palette colour yellow;true;Geel;Jaune;Yellow;Gelb;Amarillo;Żółty;Amarelo;Sarı;Κίτρινο
CATALOG;catalog.brochure.palette.colour.blushPink;Palette colour blush pink;true;Poederroze;Rose poudré;Blush Pink;Puderrosa;Rosa empolvado;Pudrowy róż;Rosa-pó;Pudra pembesi;Ροζ πούδρας
CATALOG;catalog.brochure.palette.colour.rosePink;Palette colour rose pink;true;Roze;Rose;Rose Pink;Rosa;Rosa;Różowy;Rosa;Pembe;Ροζ
CATALOG;catalog.brochure.palette.colour.fuchsia;Palette colour fuchsia;true;Fuchsia;Fuchsia;Fuchsia;Fuchsia;Fucsia;Fuksja;Fúcsia;Fuşya;Φούξια
CATALOG;catalog.brochure.palette.colour.cherryPink;Palette colour cherry pink;true;Kersenroze;Rose cerise;Cherry Pink;Kirschrosa;Rosa cereza;Wiśniowy róż;Rosa-cereja;Kiraz pembesi;Ροζ κερασί
CATALOG;catalog.brochure.palette.colour.orange;Palette colour orange;true;Oranje;Orange;Orange;Orange;Naranja;Pomarańczowy;Laranja;Turuncu;Πορτοκαλί
CATALOG;catalog.brochure.palette.colour.red;Palette colour red;true;Rood;Rouge;Red;Rot;Rojo;Czerwony;Vermelho;Kırmızı;Κόκκινο
CATALOG;catalog.brochure.palette.colour.bordeaux;Palette colour bordeaux;true;Bordeaux;Bordeaux;Bordeaux;Bordeaux;Burdeos;Bordowy;Bordô;Bordo;Μπορντό
CATALOG;catalog.brochure.palette.colour.lilac;Palette colour lilac;true;Lila;Lilas;Lilac;Flieder;Lila;Liliowy;Lilás;Lila;Λιλά
CATALOG;catalog.brochure.palette.colour.purple;Palette colour purple;true;Paars;Violet;Purple;Violett;Morado;Fioletowy;Roxo;Mor;Μοβ
CATALOG;catalog.brochure.palette.colour.black;Palette colour black;true;Zwart;Noir;Black;Schwarz;Negro;Czarny;Preto;Siyah;Μαύρο
CATALOG;catalog.brochure.palette.colour.lightBlue;Palette colour light blue;true;Lichtblauw;Bleu clair;Light Blue;Hellblau;Azul claro;Jasnoniebieski;Azul-claro;Açık mavi;Γαλάζιο
CATALOG;catalog.brochure.palette.colour.blue;Palette colour blue;true;Blauw;Bleu;Blue;Blau;Azul;Niebieski;Azul;Mavi;Μπλε
CATALOG;catalog.brochure.palette.colour.navy;Palette colour navy;true;Marineblauw;Bleu marine;Navy;Marineblau;Azul marino;Granatowy;Azul-marinho;Lacivert;Μπλε ναυτικό
CATALOG;catalog.brochure.palette.colour.mint;Palette colour mint;true;Mintgroen;Vert menthe;Mint;Mintgrün;Verde menta;Miętowy;Verde-menta;Nane yeşili;Πράσινο μέντας
CATALOG;catalog.brochure.palette.colour.emerald;Palette colour emerald;true;Smaragdgroen;Vert émeraude;Emerald;Smaragdgrün;Verde esmeralda;Szmaragdowy;Verde-esmeralda;Zümrüt yeşili;Σμαραγδί
